-- MySQL dump 10.13  Distrib 8.0.41, for Win64 (x86_64)
--
-- Host: 47.101.159.40    Database: mindease_db
-- ------------------------------------------------------
-- Server version	8.0.27

/*!40101 SET @OLD_CHARACTER_SET_CLIENT=@@CHARACTER_SET_CLIENT */;
/*!40101 SET @OLD_CHARACTER_SET_RESULTS=@@CHARACTER_SET_RESULTS */;
/*!40101 SET @OLD_COLLATION_CONNECTION=@@COLLATION_CONNECTION */;
/*!50503 SET NAMES utf8mb4 */;
/*!40103 SET @OLD_TIME_ZONE=@@TIME_ZONE */;
/*!40103 SET TIME_ZONE='+00:00' */;
/*!40014 SET @OLD_UNIQUE_CHECKS=@@UNIQUE_CHECKS, UNIQUE_CHECKS=0 */;
/*!40014 SET @OLD_FOREIGN_KEY_CHECKS=@@FOREIGN_KEY_CHECKS, FOREIGN_KEY_CHECKS=0 */;
/*!40101 SET @OLD_SQL_MODE=@@SQL_MODE, SQL_MODE='NO_AUTO_VALUE_ON_ZERO' */;
/*!40111 SET @OLD_SQL_NOTES=@@SQL_NOTES, SQL_NOTES=0 */;

--
-- Table structure for table `appointment`
--

DROP TABLE IF EXISTS `appointment`;
/*!40101 SET @saved_cs_client     = @@character_set_client */;
/*!50503 SET character_set_client = utf8mb4 */;
CREATE TABLE `appointment` (
  `id` bigint NOT NULL AUTO_INCREMENT,
  `user_id` bigint NOT NULL COMMENT '预约用户ID',
  `counselor_id` bigint NOT NULL COMMENT '咨询师ID',
  `start_time` datetime NOT NULL COMMENT '开始时间',
  `end_time` datetime NOT NULL COMMENT '结束时间',
  `status` varchar(20) NOT NULL DEFAULT 'PENDING' COMMENT '状态: PENDING, CONFIRMED, CANCELLED, COMPLETED',
  `user_note` varchar(512) DEFAULT NULL COMMENT '用户备注',
  `cancel_reason` varchar(255) DEFAULT NULL COMMENT '取消原因',
  `create_time` datetime DEFAULT CURRENT_TIMESTAMP,
  `update_time` datetime DEFAULT CURRENT_TIMESTAMP ON UPDATE CURRENT_TIMESTAMP,
  PRIMARY KEY (`id`),
  KEY `idx_counselor_date` (`counselor_id`,`start_time`),
  KEY `idx_user_status` (`user_id`,`status`)
) ENGINE=InnoDB AUTO_INCREMENT=20 DEFAULT CHARSET=utf8mb4 COLLATE=utf8mb4_0900_ai_ci COMMENT='预约订单表';
/*!40101 SET character_set_client = @saved_cs_client */;

--
-- Dumping data for table `appointment`
--

LOCK TABLES `appointment` WRITE;
/*!40000 ALTER TABLE `appointment` DISABLE KEYS */;
INSERT INTO `appointment` VALUES (1,4,10,'2025-12-08 09:00:00','2025-12-08 10:00:00','CANCELLED',NULL,'用户取消','2025-12-07 15:21:18','2025-12-08 17:11:57'),(2,4,10,'2025-12-09 15:00:00','2025-12-09 16:00:00','CANCELLED','测试','用户取消','2025-12-07 16:04:37','2025-12-08 17:11:55'),(3,4,5,'2025-12-14 09:00:00','2025-12-14 10:00:00','CANCELLED',NULL,'hhhhhhh','2025-12-13 23:29:18','2025-12-13 23:53:00'),(4,4,15,'2025-12-25 13:00:00','2025-12-25 14:00:00','PENDING','我要测试！',NULL,'2025-12-14 14:33:39','2025-12-14 14:33:39'),(5,4,5,'2025-12-31 12:00:00','2025-12-31 13:00:00','PENDING','哈哈哈哈哈哈',NULL,'2025-12-14 21:48:58','2025-12-14 21:48:58'),(6,3,12,'2025-12-15 17:00:00','2025-12-15 18:00:00','COMPLETED',NULL,NULL,'2025-12-15 15:54:45','2025-12-15 19:10:53'),(7,2,19,'2025-12-16 12:00:00','2025-12-16 13:00:00','COMPLETED','i have a plan',NULL,'2025-12-15 17:31:38','2025-12-16 13:38:28'),(8,4,19,'2025-12-16 09:00:00','2025-12-16 10:00:00','COMPLETED','预约plan',NULL,'2025-12-15 23:41:12','2025-12-16 13:21:03'),(9,4,19,'2025-12-16 10:00:00','2025-12-16 11:00:00','COMPLETED','失眠',NULL,'2025-12-15 23:41:28','2025-12-16 13:21:03'),(10,4,19,'2025-12-16 13:00:00','2025-12-16 14:00:00','COMPLETED','测试预约',NULL,'2025-12-15 23:41:47','2025-12-16 14:17:01'),(11,3,12,'2025-12-16 10:00:00','2025-12-16 11:00:00','COMPLETED','你好你好',NULL,'2025-12-16 08:19:08','2025-12-16 11:55:48'),(12,2,21,'2025-12-16 09:00:00','2025-12-16 10:00:00','PENDING','我有郁郁症',NULL,'2025-12-16 13:41:00','2025-12-16 13:41:00'),(13,3,12,'2025-12-17 13:00:00','2025-12-17 14:00:00','CONFIRMED',NULL,NULL,'2025-12-16 18:28:55','2025-12-16 18:29:30'),(14,4,19,'2025-12-18 09:00:00','2025-12-18 10:00:00','PENDING','依旧plan',NULL,'2025-12-16 18:39:45','2025-12-16 18:39:45'),(15,3,23,'2025-12-17 13:00:00','2025-12-17 14:00:00','PENDING',NULL,NULL,'2025-12-16 18:47:42','2025-12-16 18:47:42'),(16,4,25,'2025-12-17 10:00:00','2025-12-17 11:00:00','PENDING','找不到工作老板逼我偷车',NULL,'2025-12-16 18:59:58','2025-12-16 18:59:58'),(17,26,13,'2025-12-24 10:00:00','2025-12-24 11:00:00','PENDING',NULL,NULL,'2025-12-16 19:57:46','2025-12-16 19:57:46'),(18,26,12,'2025-12-17 16:00:00','2025-12-17 17:00:00','CONFIRMED',NULL,NULL,'2025-12-16 20:01:10','2025-12-16 20:02:17'),(19,2,19,'2025-12-18 10:00:00','2025-12-18 11:00:00','COMPLETED','i have a plan',NULL,'2025-12-17 13:53:56','2026-01-02 22:44:10');
/*!40000 ALTER TABLE `appointment` ENABLE KEYS */;
UNLOCK TABLES;

--
-- Table structure for table `assessment_answer`
--

DROP TABLE IF EXISTS `assessment_answer`;
/*!40101 SET @saved_cs_client     = @@character_set_client */;
/*!50503 SET character_set_client = utf8mb4 */;
CREATE TABLE `assessment_answer` (
  `id` bigint NOT NULL AUTO_INCREMENT,
  `record_id` bigint NOT NULL COMMENT '关联记录ID',
  `question_id` bigint NOT NULL COMMENT '题目ID',
  `score` int NOT NULL COMMENT '得分',
  `answer_text` varchar(255) DEFAULT NULL COMMENT '选项快照',
  PRIMARY KEY (`id`),
  KEY `idx_record_id` (`record_id`)
) ENGINE=InnoDB AUTO_INCREMENT=43 DEFAULT CHARSET=utf8mb4 COLLATE=utf8mb4_0900_ai_ci COMMENT='测评详细答案表';
/*!40101 SET character_set_client = @saved_cs_client */;

--
-- Dumping data for table `assessment_answer`
--

LOCK TABLES `assessment_answer` WRITE;
/*!40000 ALTER TABLE `assessment_answer` DISABLE KEYS */;
INSERT INTO `assessment_answer` VALUES (1,1,1,0,'完全没有'),(2,2,16,0,'完全没有'),(3,2,17,3,'几乎每天'),(4,2,18,3,'几乎每天'),(5,2,19,2,'一半以上天数'),(6,2,20,3,'几乎每天'),(7,2,21,2,'一半以上天数'),(8,2,22,2,'一半以上天数'),(9,3,16,0,'完全没有'),(10,3,17,1,'有几天'),(11,3,18,2,'一半以上天数'),(12,3,19,3,'几乎每天'),(13,3,20,1,'有几天'),(14,3,21,0,'完全没有'),(15,3,22,2,'一半以上天数'),(16,4,31,1,'有几天'),(17,4,32,1,'有几天'),(18,4,33,1,'有几天'),(19,4,34,2,'一半以上天数'),(20,4,35,2,'一半以上天数'),(21,4,36,2,'一半以上天数'),(22,4,37,3,'几乎每天'),(23,5,38,1,'有几天'),(24,6,23,3,'几乎每天'),(25,7,23,0,'完全没有'),(26,8,23,1,'有几天'),(27,9,23,2,'一半以上天数'),(28,10,31,0,'完全没有'),(29,10,32,0,'完全没有'),(30,10,33,0,'完全没有'),(31,10,34,0,'完全没有'),(32,10,35,0,'完全没有'),(33,10,36,0,'完全没有'),(34,10,37,0,'完全没有'),(35,11,31,0,'完全没有'),(36,11,32,0,'完全没有'),(37,11,33,0,'完全没有'),(38,11,34,0,'完全没有'),(39,11,35,0,'完全没有'),(40,11,36,0,'完全没有'),(41,11,37,0,'完全没有'),(42,12,23,0,'完全没有');
/*!40000 ALTER TABLE `assessment_answer` ENABLE KEYS */;
UNLOCK TABLES;

--
-- Table structure for table `assessment_question`
--

DROP TABLE IF EXISTS `assessment_question`;
/*!40101 SET @saved_cs_client     = @@character_set_client */;
/*!50503 SET character_set_client = utf8mb4 */;
CREATE TABLE `assessment_question` (
  `id` bigint NOT NULL AUTO_INCREMENT,
  `scale_key` varchar(32) NOT NULL COMMENT '所属量表Key',
  `question_text` text NOT NULL COMMENT '题目内容',
  `options` json NOT NULL COMMENT '选项配置JSON',
  `sort_order` int DEFAULT '0' COMMENT '排序',
  PRIMARY KEY (`id`),
  KEY `idx_scale_key` (`scale_key`)
) ENGINE=InnoDB AUTO_INCREMENT=42 DEFAULT CHARSET=utf8mb4 COLLATE=utf8mb4_0900_ai_ci COMMENT='量表题目表';
/*!40101 SET character_set_client = @saved_cs_client */;

--
-- Dumping data for table `assessment_question`
--

LOCK TABLES `assessment_question` WRITE;
/*!40000 ALTER TABLE `assessment_question` DISABLE KEYS */;
INSERT INTO `assessment_question` VALUES (28,'custom-1765884763455','你开心吗','[{\"label\": \"完全没有\", \"score\": 0}, {\"label\": \"有几天\", \"score\": 1}, {\"label\": \"一半以上天数\", \"score\": 2}, {\"label\": \"几乎每天\", \"score\": 3}]',1),(29,'custom-1765884763455','你郁闷吗','[{\"label\": \"完全没有\", \"score\": 0}, {\"label\": \"有几天\", \"score\": 1}, {\"label\": \"一半以上天数\", \"score\": 2}, {\"label\": \"几乎每天\", \"score\": 3}]',2),(30,'custom-1765884763455','你有郁郁症吗','[{\"label\": \"完全没有\", \"score\": 0}, {\"label\": \"有几天\", \"score\": 1}, {\"label\": \"一半以上天数\", \"score\": 2}, {\"label\": \"几乎每天\", \"score\": 3}]',3),(31,'gad-7','1.感觉紧张、焦虑或烦躁','[{\"label\": \"完全没有\", \"score\": 0}, {\"label\": \"有几天\", \"score\": 1}, {\"label\": \"一半以上天数\", \"score\": 2}, {\"label\": \"几乎每天\", \"score\": 3}]',NULL),(32,'gad-7','2.不能停止或控制担忧','[{\"label\": \"完全没有\", \"score\": 0}, {\"label\": \"有几天\", \"score\": 1}, {\"label\": \"一半以上天数\", \"score\": 2}, {\"label\": \"几乎每天\", \"score\": 3}]',2),(33,'gad-7','3.对各种各样的事情担忧过多','[{\"label\": \"完全没有\", \"score\": 0}, {\"label\": \"有几天\", \"score\": 1}, {\"label\": \"一半以上天数\", \"score\": 2}, {\"label\": \"几乎每天\", \"score\": 3}]',3),(34,'gad-7','4.很难放松下来','[{\"label\": \"完全没有\", \"score\": 0}, {\"label\": \"有几天\", \"score\": 1}, {\"label\": \"一半以上天数\", \"score\": 2}, {\"label\": \"几乎每天\", \"score\": 3}]',4),(35,'gad-7','5.由于不安而无法静坐','[{\"label\": \"完全没有\", \"score\": 0}, {\"label\": \"有几天\", \"score\": 1}, {\"label\": \"一半以上天数\", \"score\": 2}, {\"label\": \"几乎每天\", \"score\": 3}]',5),(36,'gad-7','6.变得容易烦恼或急躁','[{\"label\": \"完全没有\", \"score\": 0}, {\"label\": \"有几天\", \"score\": 1}, {\"label\": \"一半以上天数\", \"score\": 2}, {\"label\": \"几乎每天\", \"score\": 3}]',6),(37,'gad-7','7.害怕将有可怕的事发生','[{\"label\": \"完全没有\", \"score\": 0}, {\"label\": \"有几天\", \"score\": 1}, {\"label\": \"一半以上天数\", \"score\": 2}, {\"label\": \"几乎每天\", \"score\": 3}]',7),(38,'custom-1765885878289','测试','[{\"label\": \"完全没有\", \"score\": 0}, {\"label\": \"有几天\", \"score\": 1}, {\"label\": \"一半以上天数\", \"score\": 2}, {\"label\": \"几乎每天\", \"score\": 3}]',1),(39,'custom-1765885881605','测试','[{\"label\": \"完全没有\", \"score\": 0}, {\"label\": \"有几天\", \"score\": 1}, {\"label\": \"一半以上天数\", \"score\": 2}, {\"label\": \"几乎每天\", \"score\": 3}]',1),(40,'phq-9','你抑郁吗','[{\"label\": \"完全没有\", \"score\": 0}, {\"label\": \"有几天\", \"score\": 1}, {\"label\": \"一半以上天数\", \"score\": 2}, {\"label\": \"几乎每天\", \"score\": 3}]',NULL),(41,'phq-9','你高兴吗','[{\"label\": \"完全没有\", \"score\": 0}, {\"label\": \"有几天\", \"score\": 1}, {\"label\": \"一半以上天数\", \"score\": 2}, {\"label\": \"几乎每天\", \"score\": 3}]',2);
/*!40000 ALTER TABLE `assessment_question` ENABLE KEYS */;
UNLOCK TABLES;

--
-- Table structure for table `assessment_record`
--

DROP TABLE IF EXISTS `assessment_record`;
/*!40101 SET @saved_cs_client     = @@character_set_client */;
/*!50503 SET character_set_client = utf8mb4 */;
CREATE TABLE `assessment_record` (
  `id` bigint NOT NULL AUTO_INCREMENT,
  `user_id` bigint NOT NULL COMMENT '用户ID',
  `scale_key` varchar(32) NOT NULL COMMENT '量表Key',
  `total_score` int NOT NULL COMMENT '总分',
  `result_level` varchar(64) DEFAULT NULL COMMENT '结果等级',
  `result_desc` text COMMENT '结果建议',
  `create_time` datetime DEFAULT CURRENT_TIMESTAMP COMMENT '测评时间',
  PRIMARY KEY (`id`),
  KEY `idx_user_scale` (`user_id`,`scale_key`)
) ENGINE=InnoDB AUTO_INCREMENT=13 DEFAULT CHARSET=utf8mb4 COLLATE=utf8mb4_0900_ai_ci COMMENT='测评记录主表';
/*!40101 SET character_set_client = @saved_cs_client */;

--
-- Dumping data for table `assessment_record`
--

LOCK TABLES `assessment_record` WRITE;
/*!40000 ALTER TABLE `assessment_record` DISABLE KEYS */;
INSERT INTO `assessment_record` VALUES (1,3,'phq-9',0,'','','2025-12-15 16:05:31'),(2,3,'gad-7',15,'','','2025-12-15 20:04:13'),(3,4,'gad-7',9,'','','2025-12-15 23:44:14'),(4,26,'gad-7',12,'','','2025-12-16 19:54:28'),(5,4,'custom-1765885878289',1,'','','2025-12-16 20:13:33'),(6,4,'phq-9',3,'','','2025-12-16 20:30:22'),(7,4,'phq-9',0,'好','挺好','2025-12-16 20:30:30'),(8,4,'phq-9',1,'好','挺好','2025-12-16 20:30:48'),(9,4,'phq-9',2,'不好','不好啊','2025-12-16 20:31:26'),(10,4,'gad-7',0,'','','2025-12-16 20:31:52'),(11,4,'gad-7',0,'没有焦虑','您的情绪状态良好，请继续保持。','2025-12-16 20:32:46'),(12,2,'phq-9',0,'好','挺好','2025-12-17 13:54:54');
/*!40000 ALTER TABLE `assessment_record` ENABLE KEYS */;
UNLOCK TABLES;

--
-- Table structure for table `assessment_scale`
--

DROP TABLE IF EXISTS `assessment_scale`;
/*!40101 SET @saved_cs_client     = @@character_set_client */;
/*!50503 SET character_set_client = utf8mb4 */;
CREATE TABLE `assessment_scale` (
  `id` bigint NOT NULL AUTO_INCREMENT COMMENT '主键ID',
  `scale_key` varchar(32) NOT NULL COMMENT '量表唯一标识(如gad-7)',
  `title` varchar(64) NOT NULL COMMENT '量表标题',
  `cover_url` varchar(512) DEFAULT NULL COMMENT '量表封面图片URL',
  `description` varchar(512) DEFAULT NULL COMMENT '量表描述/引导语',
  `scoring_rules` json DEFAULT NULL COMMENT '评分规则JSON数组: [{"min":0,"max":5,"level":"正常","desc":"建议..."}]',
  `status` varchar(20) NOT NULL DEFAULT 'active' COMMENT '状态: active上架, inactive下架',
  PRIMARY KEY (`id`),
  UNIQUE KEY `uk_scale_key` (`scale_key`)
) ENGINE=InnoDB AUTO_INCREMENT=8 DEFAULT CHARSET=utf8mb4 COLLATE=utf8mb4_0900_ai_ci COMMENT='心理量表定义表';
/*!40101 SET character_set_client = @saved_cs_client */;

--
-- Dumping data for table `assessment_scale`
--

LOCK TABLES `assessment_scale` WRITE;
/*!40000 ALTER TABLE `assessment_scale` DISABLE KEYS */;
INSERT INTO `assessment_scale` VALUES (2,'phq-9','PHQ-9抑郁量表','https://mindease-oss.oss-cn-shanghai.aliyuncs.com/2025/12/e7b4aedf-0805-4037-9078-231695d0de93.png','PHQ-9是20世纪90年代由哥伦比亚大学依据DSM-IV抑郁症的9项症状标准编写出的九条目自我测试工具。相对与SDS自评量表，PHQ-9因简单易懂，操作方便，易掌握等优点被美国预防服务工作组（USPSTF）等机构推荐用于筛查抑郁症。','[{\"max\": 1, \"min\": 0, \"desc\": \"挺好\", \"level\": \"好\"}, {\"max\": 3, \"min\": 2, \"desc\": \"不好啊\", \"level\": \"不好\"}]','active'),(3,'gad-7','GAD-7焦虑症筛查表','https://mindease-oss.oss-cn-shanghai.aliyuncs.com/2025/12/790b79dd-cc32-49e5-918c-069c725be33a.png','7 项广泛性焦虑障碍量表（generalized anxiety disorder-7, GAD-7）是由 Spitzer 等人于2006年编制的简明焦虑症状自评量表。GAD-7为自评量表，由被评价者亲自填写，主要根据最近2周出现表1 症状的天数填写。','[{\"max\": 4, \"min\": 0, \"desc\": \"您的情绪状态良好，请继续保持。\", \"level\": \"没有焦虑\"}, {\"max\": 9, \"min\": 5, \"desc\": \"建议适当进行放松训练。\", \"level\": \"轻度焦虑\"}, {\"max\": 14, \"min\": 10, \"desc\": \"建议寻求心理咨询师帮助。\", \"level\": \"中度焦虑\"}, {\"max\": 21, \"min\": 15, \"desc\": \"强烈建议前往医院就诊。\", \"level\": \"重度焦虑\"}]','active'),(5,'custom-1765884763455','新建量表测试','https://mindease-oss.oss-cn-shanghai.aliyuncs.com/2025/12/6ac72477-c37b-4cb2-8a0a-41a5b0532837.png','测试 新建了一个量表','[]','active'),(6,'custom-1765885878289','测试量表2','https://mindease-oss.oss-cn-shanghai.aliyuncs.com/2025/12/1b6605e2-6de8-493d-b604-c86a6535f012.png','这是一个测试量表','[]','active'),(7,'custom-1765885881605','测试量表3','https://mindease-oss.oss-cn-shanghai.aliyuncs.com/2025/12/5f66f321-0e69-47cb-b7e2-403502360044.png','这是一个测试量表3','[]','active');
/*!40000 ALTER TABLE `assessment_scale` ENABLE KEYS */;
UNLOCK TABLES;

--
-- Table structure for table `chat_message`
--

DROP TABLE IF EXISTS `chat_message`;
/*!40101 SET @saved_cs_client     = @@character_set_client */;
/*!50503 SET character_set_client = utf8mb4 */;
CREATE TABLE `chat_message` (
  `id` bigint unsigned NOT NULL AUTO_INCREMENT COMMENT '主键ID',
  `session_id` varchar(64) NOT NULL COMMENT '关联会话ID，关联chat_session.session_id',
  `user_id` bigint NOT NULL COMMENT '用户唯一标识（冗余存储，避免联表查询）',
  `message_role` varchar(16) NOT NULL COMMENT '消息类型：USER（用户消息）/AI（AI回复）/SYSTEM（系统消息）',
  `content` text NOT NULL COMMENT '消息内容（原始存储，不解析）',
  `create_time` datetime NOT NULL DEFAULT CURRENT_TIMESTAMP COMMENT '消息入库时间',
  `update_time` datetime NOT NULL DEFAULT CURRENT_TIMESTAMP ON UPDATE CURRENT_TIMESTAMP COMMENT '消息更新时间',
  PRIMARY KEY (`id`),
  KEY `idx_user_session` (`user_id`,`session_id`) COMMENT '按用户+会话快速查询消息',
  KEY `idx_create_time` (`create_time`) COMMENT '按时间排序查询消息',
  KEY `idx_message_role` (`message_role`) COMMENT '按消息类型筛选'
) ENGINE=InnoDB AUTO_INCREMENT=134 DEFAULT CHARSET=utf8mb4 COLLATE=utf8mb4_0900_ai_ci COMMENT='AI对话消息表';
/*!40101 SET character_set_client = @saved_cs_client */;

--
-- Dumping data for table `chat_message`
--

LOCK TABLES `chat_message` WRITE;
/*!40000 ALTER TABLE `chat_message` DISABLE KEYS */;
INSERT INTO `chat_message` VALUES (21,'sess_8e3df1a8cb544427a64f5f359cf248da',4,'USER','还能给点别的解决办法吗','2025-12-13 16:52:17','2025-12-13 16:52:17'),(22,'sess_8e3df1a8cb544427a64f5f359cf248da',4,'USER','还能给点别的解决办法吗','2025-12-13 16:52:58','2025-12-13 16:52:58'),(23,'sess_8e3df1a8cb544427a64f5f359cf248da',4,'AI','当然可以。面对情绪困扰或心理压力时，我们可以尝试多种方法来帮助自己调整和应对。除了专业的心理咨询之外，这里有一些实用的建议：\n\n1. **自我关怀**：确保你有足够的休息时间，保持健康的饮食习惯，并进行适量的身体锻炼。这些都有助于提高你的整体幸福感。\n\n2. **正念冥想**：通过练习正念冥想来培养对当前时刻的关注，可以帮助减少焦虑感、提升情绪稳定性。\n\n3. **建立支持网络**：与亲朋好友分享你的感受，寻求他们的理解和支持。有时候，仅仅是有人愿意倾听就能带来很大的安慰。\n\n4. **兴趣爱好**：投身于你喜欢的事物中去，无论是阅读、画画还是其他任何让你感到快乐的事情，都能有效转移注意力并减轻负面情绪。\n\n5. **学习放松技巧**：深呼吸、渐进式肌肉放松等方法都可以帮助缓解紧张状态，使身心得到放松。\n\n6. **设定小目标**：给自己设立一些容易实现的小目标，完成它们后会给你带来成就感，从而改善心情。\n\n7. **日记写作**：记录下每天发生的好事以及自己的感受，这有助于你更好地了解自己，并且可能发现一些积极的变化。\n\n8. **参加团体活动**：加入兴趣小组或者志愿者组织，在与他人互动的过程中找到归属感和社会价值。\n\n如果你觉得以上方法仍然无法解决问题，或者遇到更严重的情绪障碍（如持续性抑郁、焦虑），建议寻找专业心理咨询师进行面对面咨询。同时，也可以考虑使用一些标准化的心理测评工具，比如EPQ（艾森克人格问卷）、16PF（卡特尔16种人格因素问卷）等，来更深入地了解自己的性格特点及潜在问题；通过社会支持评定量表、应对方式问卷等评估个人的社会功能状况。但请记住，这些工具只是辅助手段，最终诊断和治疗方案需要由具备执业资格的心理健康专业人士提供。','2025-12-13 16:53:17','2025-12-13 16:53:17'),(24,'sess_8e3df1a8cb544427a64f5f359cf248da',4,'USER','呵呵呵','2025-12-13 17:01:48','2025-12-13 17:01:48'),(25,'sess_8e3df1a8cb544427a64f5f359cf248da',4,'AI','呵呵呵，看起来你可能是在用笑声来表达某种情绪。如果你愿意的话，可以告诉我更多关于你的情况或者你目前遇到的问题，这样我就能更好地帮助你了。\n\n如果你对心理评估工具感兴趣，我可以简单介绍一下几种常用的评估量表：\n\n1. **EPQ（艾森克人格问卷）**：这个问卷主要用于评估一个人的外向性、神经质、精神质等特质。通过这些维度可以帮助我们了解一个人的基本性格特点。\n\n2. **16PF（卡特尔16种人格因素问卷）**：这是一种更全面的人格测评工具，涵盖了乐群性、聪慧性、稳定性等多个方面，能够提供较为详细的人格描述。\n\n3. **社会功能评估**：\n   - **社会支持评定量表**：用于测量个体在社会关系中的支持程度，包括情感支持、物质支持等方面。\n   - **应对方式问卷**：评估个体面对压力时所采取的应对策略，如问题解决、求助、逃避等。\n   - **生活事件量表（LES）**：记录和评估个体在过去一段时间内经历的生活事件及其影响程度。\n\n这些工具可以帮助你更深入地了解自己，但需要注意的是，评估结果仅作为参考，最好结合专业心理咨询师的访谈来进行综合理解。\n\n如果你有任何具体的问题或需要进一步的帮助，请随时告诉我！','2025-12-13 17:01:56','2025-12-13 17:01:56'),(26,'sess_8e3df1a8cb544427a64f5f359cf248da',4,'USER','我很烦','2025-12-13 17:02:11','2025-12-13 17:02:11'),(27,'sess_8e3df1a8cb544427a64f5f359cf248da',4,'AI','我很理解你现在感到很烦。面对烦躁的情绪，有时候找到一个倾诉的对象或者尝试一些方法来缓解情绪会很有帮助。如果你愿意，可以试着分享一下是什么让你感到烦躁，这样我或许能更好地提供支持和建议。\n\n### 一些可能有帮助的方法：\n\n1. **深呼吸**：尝试进行几次深呼吸，慢慢地吸气，然后缓缓地呼气。这有助于放松身体，减轻紧张感。\n\n2. **散步或运动**：出去走一走，或者做一些简单的运动，如瑜伽、跑步等。运动可以帮助释放内啡肽，提升心情。\n\n3. **写日记**：把你的感受和想法写下来，这可以帮助你理清思绪，并且是一种很好的情感宣泄方式。\n\n4. **听音乐**：选择一些你喜欢的音乐，让音乐带你进入一个更平静的状态。\n\n5. **与朋友或家人交流**：找一个你信任的人，告诉他们你的感受。有时候，倾听和理解本身就是一种很大的支持。\n\n6. **专注于当下**：尝试进行正念冥想，专注于当下的感受，而不是过去或未来的担忧。\n\n7. **自我关怀**：做一些你喜欢的事情，比如看一部电影、读一本书，或者泡个热水澡。\n\n8. **寻求专业帮助**：如果烦躁的情绪持续存在，影响了你的日常生活，可以考虑寻求心理咨询师的帮助。\n\n如果你觉得这些方法还不够，或者你想了解更多关于心理评估工具的信息，我们可以进一步探讨。例如，EPQ（艾森克人格问卷）和16PF（卡特尔16种人格因素问卷）可以帮助你更深入地了解自己的性格特点；社会支持评定量表、应对方式问卷和生活事件量表（LES）可以帮助你评估当前的社会支持情况和应对策略。\n\n请告诉我你是否需要更多具体的建议，或者你愿意分享一下具体的情况吗？','2025-12-13 17:02:21','2025-12-13 17:02:21'),(28,'sess_8e3df1a8cb544427a64f5f359cf248da',4,'USER','我马上要自杀了','2025-12-13 17:02:37','2025-12-13 17:02:37'),(29,'sess_8e3df1a8cb544427a64f5f359cf248da',4,'AI','我非常担心你现在的状况。请知道，你的生命非常重要，你并不孤单。有很多人和资源可以帮助你度过这个难关。\n\n### 紧急求助步骤：\n\n1. **立即联系紧急救援**：\n   - 请拨打当地的紧急电话（如中国的110或120），告诉他们你有自杀的想法。\n   - 如果你在中国以外的地区，请拨打当地的紧急救援电话。\n\n2. **联系亲朋好友**：\n   - 尽快联系你的家人、朋友或信任的人，告诉他们你现在的情况，让他们来帮助你。\n\n3. **寻求专业帮助**：\n   - 联系心理咨询热线或心理健康服务机构。在中国可以拨打以下热线：\n     - 心理危机干预热线：400-161-9995\n     - 希望24小时热线：400-161-9995\n   - 其他国家和地区也有类似的热线服务，你可以通过搜索引擎找到最近的热线电话。\n\n4. **寻找安全环境**：\n   - 尽量让自己处于一个安全的环境中，避免接触任何可能对你造成伤害的物品。\n\n### 保持冷静的方法：\n\n- **深呼吸**：慢慢地深呼吸，吸气数到四，然后慢慢呼气数到四。\n- **分散注意力**：做一些你喜欢的事情，如听音乐、看视频或阅读书籍。\n- **写下来**：把你的感受和想法写在纸上，这有助于你理清思绪。\n\n### 重要提示：\n\n- 你的感受是真实的，但也是暂时的。很多情况下，随着时间的推移和适当的支持，情况会有所改善。\n- 有很多人关心你，愿意帮助你。请不要犹豫，尽快寻求帮助。\n\n如果你现在需要进一步的支持或有人陪伴，请告诉我，我会尽力提供帮助。你并不孤单，我们一起来面对这个问题。','2025-12-13 17:02:47','2025-12-13 17:02:47'),(32,'sess_acf8590a055f49c096974eae33d9e359',4,'USER','测试','2025-12-13 17:14:37','2025-12-13 17:14:37'),(33,'sess_acf8590a055f49c096974eae33d9e359',4,'AI','您好！看起来您正在查看或测试一些关于心理健康评估和咨询心理学的内容。如果您有任何具体的问题或者需要帮助理解这些材料，我很乐意提供支持。比如，您是想了解如何使用EPQ（艾森克人格问卷）或16PF（卡特尔16种人格因素问卷）来更好地认识自己吗？还是对社会功能评估工具如社会支持评定量表感兴趣呢？或者是想探讨心理咨询中的某些技术？\n\n请告诉我您的具体需求，我会尽力以最简单明了的方式解答您的疑问。如果只是出于好奇进行测试的话，也欢迎分享更多细节，这样我可以更准确地为您提供信息哦！','2025-12-13 17:14:40','2025-12-13 17:14:40'),(34,'sess_acf8590a055f49c096974eae33d9e359',4,'USER','哈哈哈哈哈哈','2025-12-13 17:15:06','2025-12-13 17:15:06'),(35,'sess_acf8590a055f49c096974eae33d9e359',4,'AI','哈哈，看起来您很开心！笑声总是能带来正能量。如果您有任何具体的问题或者需要帮助的地方，请随时告诉我。无论是关于EPQ（艾森克人格问卷）、16PF（卡特尔16种人格因素问卷），还是其他心理健康评估工具，我都可以为您提供更多信息。\n\n如果您只是想聊聊天，分享一些开心的事情，我也非常乐意倾听。请告诉我您的想法吧！','2025-12-13 17:15:12','2025-12-13 17:15:12'),(36,'sess_acf8590a055f49c096974eae33d9e359',4,'USER','我要自杀了','2025-12-13 17:15:21','2025-12-13 17:15:21'),(37,'sess_acf8590a055f49c096974eae33d9e359',4,'AI','我非常理解您现在可能感到极度的痛苦和绝望，但请一定要知道，您并不孤单，有很多人和资源可以帮助您度过这个难关。首先，我想告诉您，您的生命非常宝贵，无论遇到什么困难，都有解决的方法。\n\n如果您现在有自杀的想法，请立即寻求专业的帮助。以下是一些紧急求助资源：\n\n1. **紧急电话**：拨打当地的紧急救援电话，如110（中国警察）或120（中国急救）。\n2. **心理危机干预热线**：许多国家和地区都有专门的心理危机干预热线。在中国，您可以拨打：\n   - 中国心理卫生协会心理援助热线：400-161-9995\n   - 爱心热线：12338\n   - 生命热线：400-161-9995\n\n同时，如果您愿意，可以告诉我更多关于您目前的情况，我会尽力提供支持和建议。请记住，总有人关心您，希望您能够安全。','2025-12-13 17:15:28','2025-12-13 17:15:28'),(42,'sess_acf8590a055f49c096974eae33d9e359',4,'USER','测试','2025-12-13 17:36:02','2025-12-13 17:36:02'),(43,'sess_acf8590a055f49c096974eae33d9e359',4,'AI','您好！看起来您是在进行一些测试或探索心理健康评估和咨询心理学的内容。如果您有任何具体的问题或者需要了解更多信息，请告诉我，我会尽力帮助您。\n\n例如，您是想了解如何使用EPQ（艾森克人格问卷）或16PF（卡特尔16种人格因素问卷）来进行人格评估吗？还是对社会功能评估工具如社会支持评定量表、应对方式问卷或生活事件量表（LES）感兴趣？\n\n另外，如果您对心理咨询的基本概念、咨询过程管理或不同咨询流派的理论取向（如精神分析、行为主义、认知和人本主义）有任何疑问，我也很乐意为您解答。\n\n请告诉我您的具体需求或问题，我会尽量提供详细且有用的信息。','2025-12-13 17:36:07','2025-12-13 17:36:07'),(44,'sess_8e3df1a8cb544427a64f5f359cf248da',4,'USER','哈哈哈哈哈哈哈','2025-12-13 17:52:51','2025-12-13 17:52:51'),(45,'sess_8e3df1a8cb544427a64f5f359cf248da',4,'AI','听到你这样笑，我有些担心。笑声有时可以是表达不同情绪的方式，包括紧张、不安或是一种应对机制。如果你愿意，可以告诉我更多关于你的情况，这样我可以更好地理解并提供帮助。\n\n### 一些可能有帮助的方法：\n\n1. **深呼吸**：尝试进行几次深呼吸，慢慢地吸气，然后缓缓地呼气。这有助于放松身体，减轻紧张感。\n\n2. **分享你的感受**：找一个你信任的人，告诉他们你的感受。有时候，倾听和理解本身就是一种很大的支持。\n\n3. **写日记**：把你的感受和想法写下来，这可以帮助你理清思绪，并且是一种很好的情感宣泄方式。\n\n4. **专注于当下**：尝试进行正念冥想，专注于当下的感受，而不是过去或未来的担忧。\n\n5. **寻求专业帮助**：如果你感到非常困扰，可以考虑寻求心理咨询师的帮助。他们可以提供专业的支持和指导。\n\n### 如果你愿意分享更多：\n\n- 你最近遇到了什么让你感到困扰的事情吗？\n- 有没有什么特别的情绪或想法让你感到不舒服？\n- 你有没有尝试过一些方法来缓解这些感受？\n\n请记住，无论你遇到什么困难，都有人愿意帮助你。如果你需要进一步的支持或有人陪伴，请告诉我，我会尽力提供帮助。','2025-12-13 17:53:00','2025-12-13 17:53:00'),(46,'sess_4255c1c693d6467a9ffa944d9916edbd',3,'USER','test','2025-12-13 17:54:41','2025-12-13 17:54:41'),(47,'sess_4255c1c693d6467a9ffa944d9916edbd',3,'AI','看起来你可能是在测试我对于一些心理评估工具和咨询心理学核心模块的理解。如果你有任何具体的问题或者需要了解的信息，请告诉我！比如，你想知道EPQ（艾森克人格问卷）是如何帮助我们理解一个人的性格特征的，或者是想了解在心理咨询过程中如何有效地使用倾听技巧等。我很乐意为你提供相关信息或帮助解答你的疑问。如果只是想了解我的功能，也欢迎随时提问！','2025-12-13 17:54:44','2025-12-13 17:54:44'),(48,'sess_4255c1c693d6467a9ffa944d9916edbd',3,'USER','测试','2025-12-13 18:00:08','2025-12-13 18:00:08'),(49,'sess_4255c1c693d6467a9ffa944d9916edbd',3,'AI','好的，我明白了。你希望我使用提供的信息来回答你的问题。请告诉我你具体想了解的内容或提出的问题。例如：\n\n- 你是否想了解EPQ（艾森克人格问卷）和16PF（卡特尔16种人格因素问卷）的区别和用途？\n- 你是否需要了解如何在心理咨询中使用社会支持评定量表、应对方式问卷和生活事件量表（LES）？\n- 你是否对职业伦理原则中的保密原则及例外情况有疑问？\n- 你是否想了解不同领域的咨询特点，如教育领域、企业EAP咨询模式或社区心理服务？\n\n请明确你的问题或需求，我会根据提供的信息为你解答。','2025-12-13 18:00:17','2025-12-13 18:00:17'),(50,'sess_4255c1c693d6467a9ffa944d9916edbd',3,'USER','我想测试EPQ（艾森克人格问卷）\n\n你依次给我问题，我来依次回答','2025-12-13 18:00:42','2025-12-13 18:00:42'),(51,'sess_4255c1c693d6467a9ffa944d9916edbd',3,'AI','好的，我们可以开始进行EPQ（艾森克人格问卷）的测试。EPQ由H.J.艾森克及其夫人S.G.艾森克编制，主要用于评估个体的人格特质。它包括四个维度：精神质（P）、内外向（E）、神经质（N）和掩饰性（L）。\n\n请注意，这个测试的结果仅供参考，不能替代专业的心理评估。如果你有任何疑问或需要进一步的帮助，请告诉我。\n\n让我们开始吧。每个问题请根据你的实际情况选择最符合的答案：\n\n1. 你是否经常感到紧张不安？\n   - 是\n   - 否\n\n请回答第一个问题。','2025-12-13 18:00:45','2025-12-13 18:00:45'),(52,'sess_4255c1c693d6467a9ffa944d9916edbd',3,'USER','否','2025-12-13 18:00:51','2025-12-13 18:00:51'),(53,'sess_4255c1c693d6467a9ffa944d9916edbd',3,'AI','好的，我们继续进行EPQ（艾森克人格问卷）的测试。请根据你的实际情况选择最符合的答案。\n\n2. 你是否喜欢参加有许多人的聚会？\n   - 是\n   - 否\n\n请回答第二个问题。','2025-12-13 18:00:53','2025-12-13 18:00:53'),(54,'sess_4255c1c693d6467a9ffa944d9916edbd',3,'USER','是','2025-12-13 18:00:55','2025-12-13 18:00:55'),(55,'sess_4255c1c693d6467a9ffa944d9916edbd',3,'AI','好的，我们继续进行EPQ（艾森克人格问卷）的测试。请根据你的实际情况选择最符合的答案。\n\n3. 你是否经常感到心情沮丧或情绪低落？\n   - 是\n   - 否\n\n请回答第三个问题。','2025-12-13 18:00:58','2025-12-13 18:00:58'),(56,'sess_4255c1c693d6467a9ffa944d9916edbd',3,'USER','否','2025-12-13 18:01:03','2025-12-13 18:01:03'),(57,'sess_4255c1c693d6467a9ffa944d9916edbd',3,'AI','好的，我们继续进行EPQ（艾森克人格问卷）的测试。请根据你的实际情况选择最符合的答案。\n\n4. 你是否认为自己是一个喜欢冒险的人？\n   - 是\n   - 否\n\n请回答第四个问题。','2025-12-13 18:01:05','2025-12-13 18:01:05'),(58,'sess_4255c1c693d6467a9ffa944d9916edbd',3,'USER','是','2025-12-13 18:01:08','2025-12-13 18:01:08'),(59,'sess_4255c1c693d6467a9ffa944d9916edbd',3,'AI','好的，我们继续进行EPQ（艾森克人格问卷）的测试。请根据你的实际情况选择最符合的答案。\n\n5. 你是否经常感到焦虑或紧张？\n   - 是\n   - 否\n\n请回答第五个问题。','2025-12-13 18:01:11','2025-12-13 18:01:11'),(60,'sess_4255c1c693d6467a9ffa944d9916edbd',3,'USER','是','2025-12-13 18:01:20','2025-12-13 18:01:20'),(61,'sess_4255c1c693d6467a9ffa944d9916edbd',3,'AI','好的，我们继续进行EPQ（艾森克人格问卷）的测试。请根据你的实际情况选择最符合的答案。\n\n6. 你是否喜欢与人争论或辩论？\n   - 是\n   - 否\n\n请回答第六个问题。','2025-12-13 18:01:23','2025-12-13 18:01:23'),(62,'sess_4255c1c693d6467a9ffa944d9916edbd',3,'USER','否','2025-12-13 18:01:25','2025-12-13 18:01:25'),(63,'sess_4255c1c693d6467a9ffa944d9916edbd',3,'AI','好的，我们继续进行EPQ（艾森克人格问卷）的测试。请根据你的实际情况选择最符合的答案。\n\n7. 你是否经常感到自己比别人更敏感？\n   - 是\n   - 否\n\n请回答第七个问题。','2025-12-13 18:01:30','2025-12-13 18:01:30'),(64,'sess_4255c1c693d6467a9ffa944d9916edbd',3,'USER','否','2025-12-13 18:01:32','2025-12-13 18:01:32'),(65,'sess_4255c1c693d6467a9ffa944d9916edbd',3,'AI','好的，我们继续进行EPQ（艾森克人格问卷）的测试。请根据你的实际情况选择最符合的答案。\n\n8. 你是否经常感到孤独或被忽视？\n   - 是\n   - 否\n\n请回答第八个问题。','2025-12-13 18:01:36','2025-12-13 18:01:36'),(66,'sess_4255c1c693d6467a9ffa944d9916edbd',3,'USER','否','2025-12-13 18:01:39','2025-12-13 18:01:39'),(67,'sess_4255c1c693d6467a9ffa944d9916edbd',3,'AI','好的，我们继续进行EPQ（艾森克人格问卷）的测试。请根据你的实际情况选择最符合的答案。\n\n9. 你是否经常感到自己比别人更冷静？\n   - 是\n   - 否\n\n请回答第九个问题。','2025-12-13 18:01:42','2025-12-13 18:01:42'),(68,'sess_4255c1c693d6467a9ffa944d9916edbd',3,'USER','否','2025-12-13 18:01:45','2025-12-13 18:01:45'),(69,'sess_4255c1c693d6467a9ffa944d9916edbd',3,'AI','好的，我们继续进行EPQ（艾森克人格问卷）的测试。请根据你的实际情况选择最符合的答案。\n\n10. 你是否经常感到自己比别人更乐观？\n   - 是\n   - 否\n\n请回答第十个问题。','2025-12-13 18:01:48','2025-12-13 18:01:48'),(70,'sess_4255c1c693d6467a9ffa944d9916edbd',3,'USER','是','2025-12-13 18:01:51','2025-12-13 18:01:51'),(71,'sess_4255c1c693d6467a9ffa944d9916edbd',3,'AI','好的，我们继续进行EPQ（艾森克人格问卷）的测试。请根据你的实际情况选择最符合的答案。\n\n11. 你是否经常感到自己比别人更冲动？\n   - 是\n   - 否\n\n请回答第十一个问题。','2025-12-13 18:01:55','2025-12-13 18:01:55'),(72,'sess_4255c1c693d6467a9ffa944d9916edbd',3,'USER','是','2025-12-13 18:01:58','2025-12-13 18:01:58'),(73,'sess_4255c1c693d6467a9ffa944d9916edbd',3,'AI','好的，我们继续进行EPQ（艾森克人格问卷）的测试。请根据你的实际情况选择最符合的答案。\n\n12. 你是否经常感到自己比别人更善于交际？\n   - 是\n   - 否\n\n请回答第十二个问题。','2025-12-13 18:02:02','2025-12-13 18:02:02'),(74,'sess_4255c1c693d6467a9ffa944d9916edbd',3,'USER','是','2025-12-13 18:02:06','2025-12-13 18:02:06'),(75,'sess_4255c1c693d6467a9ffa944d9916edbd',3,'AI','好的，我们继续进行EPQ（艾森克人格问卷）的测试。请根据你的实际情况选择最符合的答案。\n\n13. 你是否经常感到自己比别人更情绪化？\n   - 是\n   - 否\n\n请回答第十三个问题。','2025-12-13 18:02:10','2025-12-13 18:02:10'),(76,'sess_4255c1c693d6467a9ffa944d9916edbd',3,'USER','是 \n一共有多少个问题·','2025-12-13 18:02:22','2025-12-13 18:02:22'),(77,'sess_4255c1c693d6467a9ffa944d9916edbd',3,'AI','好的，我们继续进行EPQ（艾森克人格问卷）的测试。你已经回答了13个问题。EPQ问卷通常包含88个或100个问题，具体取决于所使用的版本。为了简化过程，我们可以继续进行一些关键问题的测试。\n\n14. 你是否经常感到自己比别人更喜欢冒险？\n   - 是\n   - 否\n\n请回答第十四个问题。如果你有任何其他问题或需要进一步的帮助，请随时告诉我。','2025-12-13 18:02:27','2025-12-13 18:02:27'),(78,'sess_4255c1c693d6467a9ffa944d9916edbd',3,'USER','是 提前结束问卷','2025-12-13 18:02:45','2025-12-13 18:02:45'),(79,'sess_4255c1c693d6467a9ffa944d9916edbd',3,'AI','好的，我们提前结束了EPQ（艾森克人格问卷）的测试。感谢你的参与！根据你回答的问题，我们可以做一个简要的总结和反馈。不过，请记住，这只是一个简短的测试，完整的EPQ问卷包含更多问题，可以提供更全面的结果。\n\n### 你的回答总结\n1. 你是否喜欢与人争论或辩论？ - 否\n2. 你是否经常感到自己比别人更敏感？ - 否\n3. 你是否经常感到孤独或被忽视？ - 否\n4. 你是否经常感到自己比别人更冷静？ - 否\n5. 你是否经常感到自己比别人更乐观？ - 是\n6. 你是否经常感到自己比别人更冲动？ - 是\n7. 你是否经常感到自己比别人更善于交际？ - 是\n8. 你是否经常感到自己比别人更情绪化？ - 是\n9. 你是否经常感到自己比别人更喜欢冒险？ - 是\n\n### 简要反馈\n从你的回答来看，你似乎是一个比较乐观、冲动、善于交际且喜欢冒险的人。这些特质表明你在社交场合中可能表现得非常活跃，并且愿意尝试新事物。同时，你的情绪化也可能意味着你在面对压力或挑战时可能会有较强的情感反应。\n\n### 下一步建议\n- **自我反思**：思考一下这些特质在你的生活中是如何体现的，它们对你有哪些积极的影响，又有哪些可能需要调整的地方。\n- **情绪管理**：如果你觉得情绪化有时会影响你的生活，可以考虑学习一些情绪调节技巧，如深呼吸、冥想或写日记。\n- **寻求支持**：如果你希望进一步了解自己的人格特质并获得专业的建议，可以考虑咨询专业的心理咨询师。\n\n如果你还有其他问题或需要进一步的帮助，请随时告诉我。希望这些信息对你有所帮助！','2025-12-13 18:02:56','2025-12-13 18:02:56'),(80,'sess_acf8590a055f49c096974eae33d9e359',4,'USER','测试','2025-12-13 18:51:36','2025-12-13 18:51:36'),(81,'sess_acf8590a055f49c096974eae33d9e359',4,'AI','您好！看起来您是在进行一些测试或探索心理健康评估和咨询心理学的内容。如果您有任何具体的问题或需要了解更多信息，请告诉我，我会尽力帮助您。\n\n### 人格评估工具\n- **EPQ（艾森克人格问卷）**：这是一种广泛使用的人格测评工具，主要评估四个维度：内外向性（E）、神经质（N）、精神质（P）和掩饰性（L）。\n- **16PF（卡特尔16种人格因素问卷）**：这个问卷涵盖了16个人格特质，包括乐群性、聪慧性、稳定性、恃强性等，能够提供更全面的人格画像。\n\n### 社会功能评估工具\n- **社会支持评定量表**：用于评估个体在社会网络中获得的支持程度，包括情感支持、物质支持和信息支持等。\n- **应对方式问卷**：帮助了解个体在面对压力时的应对策略，如解决问题、求助、逃避等。\n- **生活事件量表（LES）**：评估个体在过去一段时间内经历的生活事件及其对心理的影响。\n\n### 使用原则\n- **评估结果仅作参考**：这些评估工具的结果应结合访谈和其他信息综合理解，不能单独作为诊断依据。\n\n### 职业伦理与实务\n#### 核心伦理原则\n- **保密原则及例外情况**：保护来访者的隐私，但在涉及生命安全等特殊情况时可以打破保密原则。\n- **专业能力边界与转介**：明确自己的专业能力范围，必要时将来访者转介给其他专业人士。\n- **避免多重关系**：保持专业关系，避免与来访者建立其他类型的关系。\n- **尊重来访者自主权**：尊重来访者的意愿和选择，不强迫其接受任何建议或治疗。\n- **文化敏感性**：理解和尊重不同文化背景下的差异，提供适合的文化敏感服务。\n\n#### 不同领域应用特点\n- **教育领域咨询特点**：关注学生的学业压力、人际关系等问题，提供心理支持和指导。\n- **企业 EAP 咨询模式**：为员工提供心理健康支持，帮助解决工作和生活中的问题，提高工作效率。\n- **社区心理服务要点**：面向社区居民提供心理健康教育、咨询服务，增强社区的心理健康意识和支持系统。\n\n如果您有具体的问题或需要进一步的信息，请告诉我，我会尽力为您提供帮助。','2025-12-13 18:51:49','2025-12-13 18:51:49'),(82,'sess_acf8590a055f49c096974eae33d9e359',4,'USER','你是谁','2025-12-13 18:51:53','2025-12-13 18:51:53'),(83,'sess_acf8590a055f49c096974eae33d9e359',4,'AI','您好！我是MindEase平台的AI心理健康助手。我的主要任务是提供心理支持和相关信息，帮助您更好地理解和应对心理问题。我可以基于心理学专业知识为您提供支持，倾听您的困扰，并提供实用的情绪调节建议。\n\n### 关于我\n- **专业资质**：基于心理学专业知识提供支持。\n- **同理心**：以温暖、理解的态度倾听您的困扰。\n- **保密原则**：尊重您的隐私，对话内容严格保密。\n- **边界意识**：明确说明我是AI助手，不能替代专业心理咨询师。\n- **安全优先**：识别危机信号（如自杀倾向）时提供紧急求助资源。\n\n### 我能提供的帮助\n- **人格评估工具**：\n  - **EPQ（艾森克人格问卷）**：评估内外向性、神经质、精神质和掩饰性。\n  - **16PF（卡特尔16种人格因素问卷）**：评估16个人格特质，提供全面的人格画像。\n\n- **社会功能评估工具**：\n  - **社会支持评定量表**：评估个体在社会网络中获得的支持程度。\n  - **应对方式问卷**：了解个体在面对压力时的应对策略。\n  - **生活事件量表（LES）**：评估过去一段时间内经历的生活事件及其对心理的影响。\n\n### 使用原则\n- **评估结果仅作参考**：这些评估工具的结果应结合访谈和其他信息综合理解，不能单独作为诊断依据。\n\n### 职业伦理与实务\n#### 核心伦理原则\n- **保密原则及例外情况**：保护您的隐私，但在涉及生命安全等特殊情况时可以打破保密原则。\n- **专业能力边界与转介**：明确自己的专业能力范围，必要时将您转介给其他专业人士。\n- **避免多重关系**：保持专业关系，避免建立其他类型的关系。\n- **尊重来访者自主权**：尊重您的意愿和选择，不强迫您接受任何建议或治疗。\n- **文化敏感性**：理解和尊重不同文化背景下的差异，提供适合的文化敏感服务。\n\n#### 不同领域应用特点\n- **教育领域咨询特点**：关注学生的学业压力、人际关系等问题，提供心理支持和指导。\n- **企业 EAP 咨询模式**：为员工提供心理健康支持，帮助解决工作和生活中的问题，提高工作效率。\n- **社区心理服务要点**：面向社区居民提供心理健康教育、咨询服务，增强社区的心理健康意识和支持系统。\n\n如果您有任何具体的问题或需要进一步的信息，请随时告诉我，我会尽力为您提供帮助。','2025-12-13 18:52:04','2025-12-13 18:52:04'),(84,'sess_acf8590a055f49c096974eae33d9e359',4,'USER','nm','2025-12-13 23:54:27','2025-12-13 23:54:27'),(85,'sess_acf8590a055f49c096974eae33d9e359',4,'AI','您好！看起来您输入了“nm”，可能是一个简短的表达或缩写。如果您有任何具体的问题或需要讨论某个特定的话题，请告诉我，我会尽力提供帮助。\n\n如果您是在进行心理咨询或心理健康方面的测试，或者想了解更多关于咨询心理学和心理评估工具的信息，以下是一些关键点：\n\n### 咨询心理学基础\n\n**核心内容：**\n- **心理咨询的基本概念与原则**：心理咨询是一种专业服务，旨在帮助个体解决心理问题、改善生活质量。\n- **咨询对象与适用范围**：适用于各种人群，包括但不限于有情绪困扰、人际关系问题、职业发展困惑等的人。\n- **咨询师职业素养与伦理规范**：咨询师需要具备专业知识、技能和伦理意识，尊重来访者的隐私和自主权。\n- **咨询关系建立的核心要素**：\n  - **尊重**：对来访者表示尊重，认可其价值和尊严。\n  - **真诚**：以真实、坦诚的态度与来访者交流。\n  - **共情**：理解并感受来访者的情绪和经历。\n  - **积极关注**：关注来访者的积极方面，鼓励其成长和发展。\n\n**主要咨询流派理论取向：**\n- **精神分析取向**：强调潜意识冲突和早期经验对个体的影响。\n- **行为主义取向**：关注可观察的行为及其环境因素。\n- **认知取向**：强调思维模式和认知过程对情绪和行为的影响。\n- **人本主义取向**：重视个体的自我实现和个人成长。\n\n### 个体心理咨询技术\n\n**参与性技术：**\n- **倾听与观察技术**：通过倾听和观察来理解来访者的情感和行为。\n- **开放式与封闭式提问**：使用开放式问题引导来访者详细表达，使用封闭式问题获取具体信息。\n- **鼓励与重复技术**：鼓励来访者继续表达，并通过重复确认和强化其话语。\n- **内容反应与情感反应**：反馈来访者的内容和情感，帮助其更清晰地理解自己的感受。\n- **具体化技术**：帮助来访者将模糊的感受和想法具体化，使其更易于处理。\n\n**影响性技术：**\n- **面质技术**：指出来访者言行不一致的地方，促使其反思。\n- **解释与指导技术**：提供解释和建议，帮助来访者理解问题并找到解决方案。\n- **情感表达与内容表达**：分享自己的情感和想法，促进更深的共鸣和理解。\n- **自我开放技术**：适度分享个人经历，增强咨询关系的信任感。\n\n### 咨询过程管理\n\n**咨询流程：**\n- **目标设定原则**：目标应具体、可行、可评估。\n- **咨询阶段划分**：通常分为初始阶段、中间阶段和结束阶段。\n- **效果评估维度**：评估来访者的症状改善、功能恢复和生活质量提升等方面。\n- **咨询结案与跟进**：在咨询结束时总结进展，并提供后续支持和建议。\n\n### 心理评估工具模块\n\n**常用评估量表：**\n\n**心理健康评估：**\n- **SCL-90（症状自评量表）**：评估多种心理症状，如焦虑、抑郁、躯体化等。\n- **SAS（焦虑自评量表）**：专门评估焦虑症状。\n- **SDS（抑郁自评量表）**：专门评估抑郁症状。\n\n**人格评估：**\n- **EPQ（艾森克人格问卷）**：评估内外向性、神经质、精神质和掩饰性。\n- **16PF（卡特尔16种人格因素问卷）**：评估16个人格特质，提供全面的人格画像。\n\n如果您有具体的问题或需要进一步的信息，请告诉我，我会尽力为您提供帮助。','2025-12-13 23:54:58','2025-12-13 23:54:58'),(86,'sess_acf8590a055f49c096974eae33d9e359',4,'USER','测试','2025-12-14 14:12:17','2025-12-14 14:12:17'),(87,'sess_acf8590a055f49c096974eae33d9e359',4,'AI','您好！看起来您是在进行一些测试或探索心理健康评估和咨询心理学的内容。如果您有任何具体的问题或需要了解更多信息，请告诉我，我会尽力帮助您。\n\n### 人格评估工具\n- **EPQ（艾森克人格问卷）**：这是一种广泛使用的人格测评工具，主要评估四个维度：\n  - **内外向性（E）**：评估个体是倾向于外向还是内向。\n  - **神经质（N）**：评估个体的情绪稳定性和情绪反应的强度。\n  - **精神质（P）**：评估个体的冲动性和反社会倾向。\n  - **掩饰性（L）**：评估个体在回答问题时的真实性。\n\n- **16PF（卡特尔16种人格因素问卷）**：这个问卷涵盖了16个人格特质，包括乐群性、聪慧性、稳定性、恃强性等，能够提供更全面的人格画像。\n\n### 社会功能评估工具\n- **社会支持评定量表**：用于评估个体在社会网络中获得的支持程度，包括情感支持、物质支持和信息支持等。\n- **应对方式问卷**：帮助了解个体在面对压力时的应对策略，如解决问题、求助、逃避等。\n- **生活事件量表（LES）**：评估个体在过去一段时间内经历的生活事件及其对心理的影响。\n\n### 使用原则\n- **评估结果仅作参考**：这些评估工具的结果应结合访谈和其他信息综合理解，不能单独作为诊断依据。\n\n### 职业伦理与实务\n#### 核心伦理原则\n- **保密原则及例外情况**：保护来访者的隐私，但在涉及生命安全等特殊情况时可以打破保密原则。\n- **专业能力边界与转介**：明确自己的专业能力范围，必要时将来访者转介给其他专业人士。\n- **避免多重关系**：保持专业关系，避免与来访者建立其他类型的关系。\n- **尊重来访者自主权**：尊重来访者的意愿和选择，不强迫其接受任何建议或治疗。\n- **文化敏感性**：理解和尊重不同文化背景下的差异，提供适合的文化敏感服务。\n\n#### 不同领域应用特点\n- **教育领域咨询特点**：关注学生的学业压力、人际关系等问题，提供心理支持和指导。\n- **企业 EAP 咨询模式**：为员工提供心理健康支持，帮助解决工作和生活中的问题，提高工作效率。\n- **社区心理服务要点**：面向社区居民提供心理健康教育、咨询服务，增强社区的心理健康意识和支持系统。\n\n如果您有具体的问题或需要进一步的信息，请告诉我，我会尽力为您提供帮助。例如，您可以问我关于某个特定评估工具的详细信息，或者如何在实际咨询中应用这些工具。','2025-12-14 14:12:43','2025-12-14 14:12:43'),(88,'sess_acf8590a055f49c096974eae33d9e359',4,'USER','再次测试','2025-12-14 21:48:34','2025-12-14 21:48:34'),(89,'sess_acf8590a055f49c096974eae33d9e359',4,'AI','您好！看起来您是在进行一些测试或探索心理健康评估和咨询心理学的内容。如果您有任何具体的问题或需要了解更多信息，请告诉我，我会尽力帮助您。\n\n### 人格评估工具\n- **EPQ（艾森克人格问卷）**：这是一种广泛使用的人格测评工具，主要评估四个维度：\n  - **内外向性（E）**：评估个体是倾向于外向还是内向。\n  - **神经质（N）**：评估个体的情绪稳定性和情绪反应的强度。\n  - **精神质（P）**：评估个体的冲动性和反社会倾向。\n  - **掩饰性（L）**：评估个体在回答问题时的真实性。\n\n- **16PF（卡特尔16种人格因素问卷）**：这个问卷涵盖了16个人格特质，包括乐群性、聪慧性、稳定性、恃强性等，能够提供更全面的人格画像。\n\n### 社会功能评估工具\n- **社会支持评定量表**：用于评估个体在社会网络中获得的支持程度，包括情感支持、物质支持和信息支持等。\n- **应对方式问卷**：帮助了解个体在面对压力时的应对策略，如解决问题、求助、逃避等。\n- **生活事件量表（LES）**：评估个体在过去一段时间内经历的生活事件及其对心理的影响。\n\n### 使用原则\n- **评估结果仅作参考**：这些评估工具的结果应结合访谈和其他信息综合理解，不能单独作为诊断依据。\n\n### 职业伦理与实务\n#### 核心伦理原则\n- **保密原则及例外情况**：保护来访者的隐私，但在涉及生命安全等特殊情况时可以打破保密原则。\n- **专业能力边界与转介**：明确自己的专业能力范围，必要时将来访者转介给其他专业人士。\n- **避免多重关系**：保持专业关系，避免与来访者建立其他类型的关系。\n- **尊重来访者自主权**：尊重来访者的意愿和选择，不强迫其接受任何建议或治疗。\n- **文化敏感性**：理解和尊重不同文化背景下的差异，提供适合的文化敏感服务。\n\n#### 不同领域应用特点\n- **教育领域咨询特点**：关注学生的学业压力、人际关系等问题，提供心理支持和指导。\n- **企业 EAP 咨询模式**：为员工提供心理健康支持，帮助解决工作和生活中的问题，提高工作效率。\n- **社区心理服务要点**：面向社区居民提供心理健康教育、咨询服务，增强社区的心理健康意识和支持系统。\n\n如果您有具体的问题或需要进一步的信息，请告诉我。例如：\n- 您想了解更多关于某个特定评估工具的详细信息吗？\n- 您想了解如何在实际咨询中应用这些工具吗？\n- 您对职业伦理的具体实践有疑问吗？\n\n请告诉我您的具体需求，我会尽力为您提供帮助。','2025-12-14 21:48:50','2025-12-14 21:48:50'),(90,'sess_acf8590a055f49c096974eae33d9e359',4,'USER','我要自杀了','2025-12-14 23:28:07','2025-12-14 23:28:07'),(91,'sess_acf8590a055f49c096974eae33d9e359',4,'AI','我非常理解您现在可能感到极度的痛苦和绝望，但请一定要知道，您并不孤单，有很多人和资源可以帮助您度过这个难关。您的生命非常宝贵，无论遇到什么困难，都有解决的方法。\n\n### 紧急求助\n如果您现在有自杀的想法，请立即寻求专业的帮助：\n\n1. **紧急电话**：拨打当地的紧急救援电话，如110（中国警察）或120（中国急救）。\n2. **心理危机干预热线**：\n   - 中国心理卫生协会心理援助热线：400-161-9995\n   - 爱心热线：12338\n   - 生命热线：400-161-9995\n\n### 我在这里支持您\n如果您愿意，可以告诉我更多关于您目前的情况，我会尽力提供支持和建议。请记住，总有人关心您，希望您能够安全。\n\n### 一些即时的建议\n- **深呼吸**：试着做几次深呼吸，让自己稍微平静下来。\n- **找人倾诉**：找一个您信任的人，告诉他们您的感受。\n- **避免独处**：尽量不要一个人待着，找朋友或家人陪伴。\n- **寻求专业帮助**：联系心理咨询师或医生，他们可以提供专业的帮助和支持。\n\n请记住，您是有价值的，生活中的困难是暂时的，总会有解决的办法。请务必尽快寻求帮助，您并不孤单。','2025-12-14 23:28:18','2025-12-14 23:28:18'),(92,'sess_4255c1c693d6467a9ffa944d9916edbd',3,'USER','你是谁，是人类么','2025-12-15 15:45:34','2025-12-15 15:45:34'),(93,'sess_4255c1c693d6467a9ffa944d9916edbd',3,'USER','你是人么','2025-12-15 15:45:52','2025-12-15 15:45:52'),(105,'sess_acf8590a055f49c096974eae33d9e359',4,'USER','再次测试','2025-12-16 00:09:34','2025-12-16 00:09:34'),(106,'sess_acf8590a055f49c096974eae33d9e359',4,'AI','你好！看起来你提供了一些关于心理健康评估工具和社会功能评估工具的信息，以及一些职业伦理和不同领域应用的特点。你想了解这些信息中的哪一部分呢？或者你有其他具体的问题或需要讨论的话题吗？我很乐意帮助你进一步探讨。','2025-12-16 00:09:36','2025-12-16 00:09:36'),(107,'sess_acf8590a055f49c096974eae33d9e359',4,'USER','想死','2025-12-16 01:15:41','2025-12-16 01:15:41'),(108,'sess_acf8590a055f49c096974eae33d9e359',4,'AI','我非常理解你现在的感受可能非常痛苦和绝望。请相信，无论遇到什么困难，总有解决的办法，而且你并不孤单。我们可以一起探讨一下你正在经历的困境，并寻找一些可能的帮助和支持。\n\n首先，请告诉我你现在是否安全？如果你有自杀或自伤的想法，这是一件非常严重的事情。我强烈建议你立即联系紧急救援服务或寻求专业帮助。以下是一些你可以联系的资源：\n\n1. **紧急救援电话**：拨打当地的紧急救援电话（如中国的110或120）。\n2. **心理危机热线**：许多国家和地区都有专门的心理危机干预热线，可以提供即时的支持和帮助。例如：\n   - 中国心理卫生协会的心理援助热线：400-161-9995\n   - 美国国家自杀预防生命线：1-800-273-TALK (8255)\n   - 英国撒玛利亚会：116 123\n\n此外，如果你愿意，可以和我分享一下你目前的具体感受和遇到的问题。我会尽我所能提供支持和帮助。请记住，你的生命非常宝贵，总有人愿意帮助你度过难关。','2025-12-16 01:15:50','2025-12-16 01:15:50'),(112,'sess_32a57abc9db4491589255bfed78188eb',3,'USER','你是谁，你是人么','2025-12-16 08:37:03','2025-12-16 08:37:03'),(113,'sess_32a57abc9db4491589255bfed78188eb',3,'AI','你好，我是专业的心理咨询师助手。我虽然不是真人，但可以提供温暖、专业的心理支持和建议。如果你愿意分享更多，我很乐意倾听并帮助你。','2025-12-16 08:37:08','2025-12-16 08:37:08'),(114,'sess_32a57abc9db4491589255bfed78188eb',3,'USER','我好想死啊','2025-12-16 08:37:17','2025-12-16 08:37:17'),(115,'sess_32a57abc9db4491589255bfed78188eb',3,'AI','我非常理解你现在可能感到极度的痛苦和绝望。请相信，你并不孤单，总有人愿意帮助你。如果你现在有自杀的想法，请立即联系亲朋好友或专业的心理危机干预热线。你的生命非常宝贵，我们一起寻找解决问题的方法。','2025-12-16 08:37:21','2025-12-16 08:37:21'),(116,'sess_a34d7d033e5e4ec3979a30630458a85e',3,'USER','我最近感觉到很迷茫，快要期末考试了，每天都很焦虑怎么办呢','2025-12-16 08:40:02','2025-12-16 08:40:02'),(117,'sess_a34d7d033e5e4ec3979a30630458a85e',3,'AI','面对期末考试的压力，感到焦虑和迷茫是很正常的。试着制定一个合理的学习计划，分步骤地完成复习任务，同时记得给自己留出休息时间。保持良好的作息习惯，适当进行一些放松活动，如散步或听音乐，有助于缓解紧张情绪。如果焦虑感持续影响到日常生活，建议寻求专业的心理咨询帮助。加油！你能够克服眼前的困难。','2025-12-16 08:40:07','2025-12-16 08:40:07'),(118,'sess_834452a7964c4ed58645706ae01957b5',3,'USER','u2Bg2Ti8FEdzBgXwNHrYMKixsBNnt15dgZ1qR3APvYzMogwholm82rqzvw==','2025-12-16 10:21:25','2025-12-16 10:21:25'),(119,'sess_834452a7964c4ed58645706ae01957b5',3,'AI','o9LPmZQeF7Un17Ehd1ZasWpJl1JdNeKubYSDUBZo7lVuCzR+bHdgS9z1iIlup5m8uHh3ssxQFTULrw1G90I5MCMW3CAr+sNiyE695O44WNBs582pwsbV+zorTDfLZtrp1KMJvBqGkoX56Iq68+Gf1ZqYGgeLjH71smbZF3fyJ8mltGwEDrq5hqB7HpDIdCwHflkWXQ0ds3wUdN5Z0ZVPr3lozmBYHexKSeh19eRg45WRYlpMD6WP75n/jsTMSOwKoCQH9mV77pGyVU7CuLwkwzF+UZRXbg==','2025-12-16 10:21:27','2025-12-16 10:21:27'),(120,'sess_acf8590a055f49c096974eae33d9e359',4,'USER','rjU/8rBb+wngTH4z+9tXl7eRTC4r/SGlESUCeOGEsMN5vg==','2025-12-16 13:34:19','2025-12-16 13:34:19'),(121,'sess_acf8590a055f49c096974eae33d9e359',4,'AI','KmczSTFNFXgDz3YDU0fHX1c9JT9S/HdZYq0021JbqF8vJWvGvJ4c5QBeYEHXzXJ5LvmaDhHbzTEiVbFzo9Fc3CjeClqtotlRYl53tos7F0ThV3y47+7CAgBGuEZou8bF9t+ZeDskd5pWYJcYdR+qUY7nsufixQ28NI3Zjhp88tJh41ufvoHG2p4ZcsR77SyVSVW3BNDPlobfgdmjbEtSnZd6dDRoFIIo+2n71rTW5piiXqCJYwldLhNfvXADjgolqhgXkkJKvldqwBnPf+W6HGH+1BHJFC6BFmcGH0gm8kEWnk8oWB9dUjLruvF+DymFNmIdxsYz58ZCo+/ogvsTG/xGou3MGd8+x4KQCjI6SbRmxJzCWFoczP4cSdpWtI2bIqvSgyQsu8+vGPaAUyyf+HKaHofu16z2yary3jSSIL31XRp7kYbXylVuH5G17UItSC1Q5mg5R5hzDlVpGe27ig6csHZdu3ZXzQ9ojOJ2Ui/aCmVdyxx5QyLtcmbRz1YtTKDiCRObh1/Cb8OwpEiw5WFutFjNoxsU2cdT9AILiL0nfRMEQUA2TIphZvmgLtOxjLXv6UtxvpI0eKpYTqmGkhNeafT0due3PgAtDv2l4dVoo9AyaHk9Chgg3ZqKtXvbVHLPKmHemjWVXQ7BF254544+TQylf7ptS72LW5YL8Ueg+RDcGqbsXxdXNz3KgVA+2mhOqTgGyqz3NwhSMkoPLMkv4pxy+3ekZhXzJQ+/Y95GGPEfXRENn5M3UVUCCltTdLk1pZZ/w0VDmOpKdcChHHVhnTABBQzzI88jbtCHlz6FedDLBTeV+kBg0j+4tt2loEW53ijOy07LD/v+CWb2/ZvVP/c2NgfD6tbpL9LYK/sryT0ELROVlVj5LghqcP9uZH+jMNJa22ju88nrr4mawNWTgHPDGS5giJIXmGtxcqQVHcSLrYwrSw1a6+O1hyfwuRvMtohCObgoRJ0KFeM2pa+0XuEc9bh78LnlVQCkX4vmkeiKGrmEA1raZvCmV56KjLt/TK9jWyp7RD/l/3RInippxQJwhAGb5JV4m/sQHen62m6Ga0S5dK3WJ20y/ObXkfPIVWtTXfcIsqafm7cv9N41tCQgEQWqSO/bYjUATiU8WmpYi5u3BwkhNNly5qCmXMtCUKIKCwPu0DjeQ+CfNJwT/9vRuwUx5r3BooXmb566oIQN8oS3B4/UDnkRsiMEGGv31YziuHG2rYuY9uMTpBaja4muIL93D/zK+DfIcFsSf2mpHVUjRyRT6Q6/XT/QMwnX93uzeHesy7zzf37yK2K9Z0x0hG/BK4bWDupONjc57PeuTYIal6I63yk3CGzCJtihJM1Ud48us88anrw93Q8vBMvhjMIU69E8aemGpAQN6y0915TAfKUJWkPgl/qI','2025-12-16 13:34:25','2025-12-16 13:34:25'),(124,'sess_794631f27aa8423db3984561e2c2a123',2,'USER','52X2mGlpMi2HuXx0r6iVpnyebkhWUe+u0lb7PbkxwdTRAUPL0slbQg==','2025-12-16 21:35:41','2025-12-16 21:35:41'),(125,'sess_794631f27aa8423db3984561e2c2a123',2,'AI','kCcN6WiecZy0RZoz11lyffLWp7AdXQ/jrAC1CB9zXFAfC/G6aHbZEtGba/GTSLEZY8wHEuqchLlgRmOCubmJmK53ayeImZWZMoArMg/y9ucFIEnp+O9v1UoXUHW9UoOV0idrhbRbAJiWKOF2ZjTPgrOJdP2koCqlGCA6m9jGM5H5dlzSieyxIxjYh74Bs/r0vYf0QE0qQdK7TyoKA7/bXzI0R+ALL3l5k8OOOunIP1ORrjPR/AzLro2zEvqzLZogy9UXjeuEGsHflVr2GOculPGUkFVwkLAq2spk+lxnz2Pj7XT9sd/Z/99YB/RcKyM1EJzRPK9yI+B3zWEUQ0Js4PX8QmSEUONbHhOimyM39cGt/lyFUM94l1BgNj98REz2eXo72qdc/8w5EG22XVojyoLYfTCPDbHrjRaIkCo2bM59CDRDg0DorO2gpEGOR+wtcddgFyiMg1wfSwcfQSDXV6nnCiriVezcIAyA1jLZMjBlmo+8j8vVomyQ9dfT02C0R0982HdSopccp0bWOobY2i+zYJLVtSpTMtMnND9/f0FdqJ9Bc43dz3x+nnbItdRy7Gmd8BVkajlbWz61M7S3Y4kIHJNWSNtdV8eU3FV7yjbsDpG7wyyoiMQfOkX8tcMOSrieGAwu6oidKrfqHrxTspV1IR4dhLDXPXFuvbdtIE3eKt8Mma5LTP0264h26doEl2iIP3FO0e0LgvJ7huruKM1U5cTfXbL7nA28ITBxEud+8FINkMKwLrnDkQXf1vGGxmHX7Ogphf23u74PA4J3Tt+eVwTxb3RL9wh0qCmgGe7/Vw75QhS2ofqn6QJe2qv/ZfdL+CgMHvh5v6ZvtmQNK8Aq3Hp7DCY8+8TQc84W8Bavq6INhqZj0F1asPLmCjZulbO71wP+uFaG9pQUXPRm5cG6RinzNOjhOQ/4kGH3eo8rYxarHyYrfYWMwdiDfjJjEG36zTo+cCTn2WxJAKGny2tAwOmkz2ri/bgbuK60KD1UehqE/VrXoybl/p7WTLp/uMCVvLO0ELE52d+gDZVMqfeUi28pdfm+xBNl6mY0wGnph1+nMjRzTXxEhKrMzRU2BA3cycIX4EqY572FVN2tVQXOnrsmjoxGnSz8LHZ45YVRd3gVBo3zWryaBg+Rh3tY+OXF9T4gxeoOJZH/9WsDD+GyYyu+J1YxQaoJ24mXeL2+wQqGDv0/307R+hJJyr34ClTb64U5dYOvM3zX9j4eDG0gbkEE1ThbrHXMPbkhRcoFIlll/D71puQdRNcxnkXFVGbENeRa93ZhB0QGTudnTdyRH9X6Wr3mk5vuYRJd+7DvRSMOhMfIZA==','2025-12-16 21:35:51','2025-12-16 21:35:51'),(126,'sess_794631f27aa8423db3984561e2c2a123',2,'USER','ADpND1yZt5xyUbc3q857jQk4FNUd4aMrshQBcppa1rN6Ku+xZNJIL/E3lYhDGQ==','2025-12-16 21:36:29','2025-12-16 21:36:29'),(127,'sess_794631f27aa8423db3984561e2c2a123',2,'AI','tIvmkOUz3pw0SV7+yxqpTvUS5h8E45sPOIu1jskPVWWvWst90xCkALEo691RN7RmXSsknN443FUpekI0NrBOngQQlis9I0WXDmJ/fBTlnsbSlDgt1v+8H7qkZXRyQ3rTFqVOLgZEpQSB7ukXLDVnDMLmmpHeOWbw/m2Y5+AXnapKrReVsqnbpTFBBqjHM79kHNoxzlOsC3V3LNCO3HWFSg5F+xUR3tVsxC2/2Wf+fL+JuikEQxGCJiW0YPioy+J5E8cVYd1yeWgdvmIE6AIWBXYgA8qtEHaVKa+8rmuwC0sFnHhzU0cuL0PkmGi2f965VIeBlOgWGMiXNMurtKqoD0TAgDJBPeniMoCU2OILLFiCdAt2SAwUuLHCzJwUeDbvibGLJUFhJu2rfmhkr5RpoEMnwypiV3G/ANiYK+dp8j+jajfVpTDJKICo+grolXgphvn+9VJ7Ar2zHaovpCT/oSDvatMnnH81UOOM/hnu79XKA8gWxBzsSQHpidH9xLCrZDdLioV1ZQTb/x2XFNrkK8TAmjyi9AMVkOGlPaXex1ocyKp9FgNEuqGv1hREcWOISMyPn/p9ZJAb4/DRPnqx+6VEDOxK7nv/WwONqI36DDXjRaZckQUHvOQTPQETvFY2iOHxWpQMBFB71M/pHmvtpYM/ElRPkO1T52Eq7woxVzJuxwdYoA1bQe6ykEejzR96w8ZLWYPC6QglznGtS0/NnqEJQG0taa2SJSAoLBoXr2nMoLNivjlFElbthPi9nRK0/+bTaANl+/HOXA5Pd7LDO7lCTEvDGfX+gTfHJQ3IPk8H3wEdDp/5EnU5oVriW3GwliJZ2JrY6FOgdE0L5esT/9+rR+cQzdppodIz9m1RJrVktyIEfeGaalbCR0/Ld4v09t8j1DuQNoHNDZMnckAEU4/nzvc+e9ksfLqzdojxkihJY2F8nuWYSIApjMZU3LNp+KNNEXuVGngm+PU1tP3a8ooa5sri4sxbqaCF2kLZq2J19O5n/ggIVWAP8TjU9XnTiEjsLmLmsfg46qZidRPg7CdL33immAlw6022arm006Uv41vzBynRP+hBHDlLS1M559xFA6CR5KopE1U6C5C8o0sWdfQtdeymiMUJjhZ3tXQhSfCK5WHXI5AhtIGjADd4HGb4imrX','2025-12-16 21:36:42','2025-12-16 21:36:42'),(128,'sess_acf8590a055f49c096974eae33d9e359',4,'USER','xmdzsNYQEixyasx93/OO5c5u+I0rwtjYtDPqq5OQH9jL9Q==','2025-12-17 13:11:08','2025-12-17 13:11:08'),(129,'sess_acf8590a055f49c096974eae33d9e359',4,'AI','9vLEnv52RGWP+T2QL3YrFrFfJMMZLtb2sd1N7HszgzP4/ioy4jOeJaDNu/gPSHmWg2YOZnbmDXu3qIGqITFfBOeVzpd72ldFjRIm3tXHLgtiPHQA+MP6pwn0OmYuv9utY13sHlTVIL1aXKoqaQWds4TaVskfQUzJj79k09tqRO4ph/YK2yrlnE/V3QG2soVWscQZ0GMbMfxRqEiFviyLML6UqzCLtB00MTe00SwsV8P1R3PXcR4bvo2ObgB4AEw3JxoqHAI8smwNuSx6SRtpkplU8HWYOotSw37oq3EXwc3oiGeoLEFP7WfEHMmK9NNZbtaUi9vLU71B+eG0Eis4GZejHLi4CFqsiYXqufGOmQjLawfH8mHu3c3YJy+D+GNwd/Q3wKFjQAQTTc1fr/ReDJNCrRAtklaARo+LYcIb6qgwMUgUJLtuk350DE1YLi8VqYzxsmw/Jf/Yb1/K0nap+7xoUPPKaySAgj5QYYv+nb3suZC0MG2RLRw3q7tLPuwlzRaC+q0EqLAORCo7GSYiDApzYNKJXWoiBkUn/nh8+jV04o8rLhh9Yh4H5wpgyvSQFYQrzVDQUXBW6rVXy2YKjTHJ2QRye4HBTvzGSWX4HTMiKkmjXVt+c4CbXbhyx9oPzCXjniavREzfp/OfCmvOQG2EdHWocUUiyxh2GYY85Ar1KRvnIrd9mK7qpU5Y/XyWQupS999IsPMjNcKCQZ38F0bTnT2po8OY0KrSJPtLGVXTtiBt2RjjOmcz8Z2Xj01Xercnkcw+ELX/tHuIRR0fS89qfe/HyoT1V0sAxk/dgqK0EFOSc+8nbkj8TeRJFptRNCSlkwVaZ1sWkbOlVQu7P7ucJDsEkQBbCug0qAO5YDAcFLtex4nQ2NEzazrdU5GXTXC71lUA30azaVoOkzGMNN2OMpp3o3FFvR0BxMxiWFvHh6uXJHPhg91hJCCzjMp4M+Pk1FvITrxfGW6EMz5B5uQQxU08T79EfesmDKgWMizFoEihJ64t2zqhaVZEo+NTicM8Ri+LIKZDEZi8P3GQES6Oh0mnDumE4xAifWDN+ZkMqXGRGmbLi8yRJoe17f6Yd864xArsRj+WXRHeOFCRJnkuxDo8rSdsMrst/UPc/mYTlSqbekhr7O4W4hll1XjHXLppfe/EA9GxjF/VMcH5Z/r7Bxyjp7v/XI2n4Qh8q7/RaBk9RY3eWmZeTQJlb67J/8mLWDI4S37uX3u3F2FfYG4AS4RGP2pBkdSrztSSRPWLFTQ4YPDB2YoaBimgVDbjj7sHp7iy8mzqxIVPd0EVVTmrHfLFo4GQnGFpM0ZVrZ9G6isyLXVBttpjopVoWWqou66VWCUO+Wh2TP4AN93VSyH/bGZEeRsCqZ9EwVcj4kPuAuyNQl1u1p0nvx+FU9zZXa2GwgSCCMh/PNRLWw7Xe1x/VzTL7gQjCVqa2PARVSGs8BKPWYXeSMeFCed6LKCUS25TbLlQGtaEky+JjkIJlwdVCd/el+rYQ4nDvdnBIQN+5Mel+9LhPN0QHPu/K97jPVmRWugbILAJyr0mYOdL1dtKyht0z1rG6Po9yk+uyu8GqWXs44Po14DvkACCmZ5OZ5fsGW+1M/YWaJ5ID7G5tj55I2jTRbIsuv07akEtxTO/Ly2znxdYzcPMay7Ww9MbWFdcKZUaK4ACE0yeJK3WPsViZvi54yqAHVaCyn1y6dcjj8dl7mlyQdq3aHWrUvDfZou01jywY84IilNbLrBtlkzrjhsElmlpxXZ8b5QWXLXEsaGOnS47HJOpnehLfusx0IxP1Oml13G9xBfCVHYdydXWaMC9HwwHbdBYNqxqocbWxyPBDMpIw8O83k5PH8/RoMxno9ssa1i7pXTZsxwfTcTS3B4Cg/ILoX/fyjZtd2SAiOEexZo8iM/yiKbVqZNVEC5I5MyO3fBi6yJedrHls2nj/n8QddSZ8JG0+XaZhvN2u3rbK8nPUtfZcWJf64SCIe1Rs0XVGdsIrW3JzeTlyAw/oaYD97jto4g4Ul6hin4CJLRUQ5+5w9AZNj7G+L2X1I/2MXfBI0E3mODsNkuBZ1YIQO+55tNzPO4AXIk8CBtjgparZA/ji41trNrKwqYZzS88sDYYqtYjZZHWnmTrW8eWReYUaTgxTY7Lw7gByWnycbPD85zu9SqPU3vi4Girb6KjplN8rdpI6FtZnoBV62YHQ5gnDGwF5kff4V2h8qqtbq84dMVzM+PMN8GliXUa9t9ud+Za3yrJyHriCM1wjRbFLlCvaTT5wadIoVcuX+4Rb8tZzoP4ya5OIFO/jjcdZVE/IzR74dRp9GOq/DPrzkf5Zyr8sTQYb0QQuWfrjxmUKvWeB90/Eml+V6VhYvUBt6LyOkQOt1DR18IPi4z+meDcsGhZFKKGLBq8jskCfj8GRddCZvVekOWtVgNdc0bPKH1siXoZ2WQzTyjZhuwlSklGMbdZDkuLlaK+rd3EVajWK5XHFc1CqHeqOUCcH1iqivfBaz4JLF5yBZw1utF/rd8vVW2ivq+fJYdAD1BHju1Bs1v9sug0GABt5OkFsa+uxZqBjnqeYYJOFZUvPXp10mVVwJ/XITKRu86OtE2g1a6Q9VTRdPbElaJT71hW4nF9J7uhE4/6qbyXxc3SiLG7EVB48dPUmKXOxyuloc/ZVANAijgaUXafhM7VEdbRXDBDDIiAzLAj5ctlJWP7s1LlB5fAqkh1LQO7e8l4LxCY2l2e3dxzZ8zzhUgWudSHJoVPaTo+NsndGCMzTKDQkxmLFZdn4NKLymZLBnloUakFgF0LhavpbHOCtZgDZRhjCiCzGtKdTOotaJtIRS8ZMKebA6SteDBHy7bBEL8Wka9zexjyUO+nhLDfFLCX8++8oYY8FL4eg0ph3pevi+ei7spn9NX2WBmYIlndgMpKd3fgLEZ2Pkr03bQANx9ioTirRTFLQ22C37fpku8RS0SCTL66OELP12domIswcNKAaAhphS7Ev8lqXpePMRXWGP8vuEi4rEqF8vBBSk5W4KI8TdIgpAuN9JRGO0WEVAeRdiKlvcU9NYQUmU6STLeWixE9mUPK1wvQmY0FJvDYNnvn4Mmc3cRsX1P+txHp79rL/xzaiW702dqJVeUjcTkcqHj8VunENmM5IxgoGf3QOsYURqAvBkuIl2YSLqeNDFPHkSYurUcfy4LQhd7uhBSVFVXYFnXt0wFzY2YfweNMQAecatgGE9z6kcc5A3XB+pCdoPCZE+L3SjHUipX6o73aiia2cgP6ZfgGSIUIpS0zduH+jX+qhqW6AIX4Zlzwzb+WziUFjeWlkvScOO7LP1/ogTjDqexgoM0V15HFv3K7FtBMnGk0nr2LmgSM3XR/Jt4PoPFD1byLr9SUmaMpfK3AS9y+oT4+rrbfe+gubQRMLv5s/hbQzErPxG01a1EPIwmInB+kHYWb4BvhEAHCVm+Z/IDpZV3OkpDsun9g7OrwG7QKEYnNmpgsebTuXRPoetIOyTpnfnH2sl7ITW2vZkSHMe2i8Al1jbXGuubdEnxcC+qfbOL1GrefidS94GrdAaA93zKcq12EpI9ccfM5eowsOOlroFnpK0Yxu0CanvbJBUAIofmeiejuEGIHG1U3MURhU8zA6Tifq0rdlAtqazuRAW443hwUDzylYkpXXUus8cT6CkJGL5ldQEJ9kZzqteBHKiffvxYgEDe0dy0hgaJHmUJLhFOvIRZWfYOkMSjvk/9uET4gdaMo+3VR+mmGSk6nuMZzPDn+9kEBEnUkbD/y0vqWIRVvqj1kafH5ohKCvxvZjpNLtit1wRfcTP/aJoR7FYYnlKwCyazT9bzQ3cn1rnZD2KZ+SZrKVodJJa6I0DnIUb6B44E0jBFDlF/zWctBNkK2PCZbmfhkWPc7EfzwWJ4y0FHGrYQMuR3DDGS6lTk/7lNqYzLrB2ZyBwnmPzjhfackRnnZEFD/wRke7MagkZzM1+CVYAHy8Q/GP6MF2F29gfPep17fwb/RjLu1jV9d8nQBI90kZIsdNn3nZ/90RoADUkEViUfFOzwFlH1WhXEnAhfFVq/ggjYVvc0+0AtOrssKWoxJEzvfoe74ez525EVQanOqMkGX33CZBWA+oB6ciM4SxsalpdGb6UXxiPg81bhg8cF5a0o851BGiqvmJ9xAYPlxpoA5eWYvis1/nfQXhrUlT2AeDlLydBaZ0n1ecwUW/3Q1t6ievRDWGvBocNPuwYsdwUvWWPKPQhqZ6oS50nnIK2OhvScevusshJZUaqAtT7n1qD5lNWYZl4AAoCcIwEADrErcg76cmvYvbptSleV5g6uf9U71m1d75+5GB2SBiq4GC3iZwjTPA1RxylkXWjCvu8OAGZoZwZ5s06isUiLfW15tJAOXN7pMOpwbT6OMzise2BsFi0BM4pLEXhlespPiiTNpEOP5aAIW3uzETtFiW295pKSODwJAuk1yBL9og3UwoQGSl8Czc4ciMBhJcVR01PJOYHQ2c+q1YbvRiAyXuFPGJO13J+w6lgfa2Gp8MBw8pRctS8k10D7YuifpCNcvjLmx/WxYPWyhZSSNlpoGd4TKUu+nDJazbDJHJ6bsb2R875e7iweGuy86DEGQfmWjRSi1Cr3alSZ8VBnsKvF9H9KSRd5wkNASzgqqoqTWJZSb59Hw6XiIPYiDycBW7b/Dvmn4esKrP0t9jqLtrgD1PyE/MTN3GNIdfTzywOkaWlT2zyTmW0YNS+A16BS2ZGzjTpC6Vaq6Jlf0X9GxVG447qE=','2025-12-17 13:11:44','2025-12-17 13:11:44'),(130,'sess_0cb79b4cb86b41589c13458a40a2eb61',2,'USER','sRthiBeuIcWSixklSc/a6OA/nnBjMKm6DiaW6D8ltBgX','2025-12-17 13:11:44','2025-12-17 13:11:44'),(131,'sess_0cb79b4cb86b41589c13458a40a2eb61',2,'AI','wy31Bz+khiuxukr+eACAWgMWlMaaUKoaIkWZFgNqfPS0KlUycirHMqchklRI0X47AYFoCwMhU2hXFo6exk7vu+U36tIcB74bC/EfqctQz9iT8Qk4zOaGjib8ukkRRw3z+wDk9UlScvaQiIcB/VNcYu+M/1wkyDlw004dGFAiHmdwTW7BlykH72mKnVseCAWu3bnHp1pRXqt6MO7ORz3h5hey0gr0rMpto07I3kqZcmGMuouXanMZY54xCknBXt6OVLo/9TRkb7GdxMTelg31+mS9M5y6sE5wuq4W8T1axyWSZlGoKZFzNdegXfjdCbhEUi1eYdWR7sJJEeM7gWR1+6p8naHpaGHZ+vTUqZUz2fUoCnaelfDCZXXQMBBM63aJ5JnMbYYKgp9MjwbNk8EvQOXLK/g9iEAT7MoMsrhC2n6mARu5L1c=','2025-12-17 13:11:48','2025-12-17 13:11:48'),(132,'sess_0cb79b4cb86b41589c13458a40a2eb61',2,'USER','pYAX+1ovuqXrbpNBOoAyMnisgVfhBLtNNrETfvnB/kGDFUgRCpa0Q0gO9hdVzfcjQdhc5MAcgToRF0/lpw==','2025-12-17 13:51:58','2025-12-17 13:51:58'),(133,'sess_0cb79b4cb86b41589c13458a40a2eb61',2,'AI','FQwbQ21blalzkjPOb0RpzJposqK8qkQego12NvN8f0a0jugipRbOkOddPZL8jLdjwgc4sj2E7/ZKTIMwZ9geQO4XsZ5AuLrUpD269+gfILh7Pg62ANtDpO0dW+4IOnHYsSKMYJbwtjgFlX53Bii1trBXMrd1eWSkFbhI13EWFnhNMeSLoF30wGwisS216sx2Prb0dLE3yyv0mx62cisSqRNkwAtiEejCa8dCG9zi4uydpnZzKIHMCVZoW2dvv+LRAY0Af+8Lp6MgFe2C9Pqbj+IAcaUMQfjmNuPH5H3INpL8LeuXPCULrKgOciyppkL1nFqc8uWjk7HfafdO8CvkK6csYQVXkp82UxjctopxJXpizFhvZzC6UhhbnGD+IAJ0HkOo460JmtyaB/kmP0zpK1Eao0mIP2yfDmwt76TImADDCuCahvkfNBuI3iynhn7r7/LLi70ungH6XrmAIRWN3fuHNt63fHxMgkRX4UCPsV+m4Mg7wHLwLVgyYLMwOax863nX1Mw3Nf2w0ZSs3AQQqjHiKsVsTA8Cy+Krey33Xgv1Bzm5TBasMIaQpe+mQ5nwSqJvqG2QtMKrzQy0+Oi6k+y01Aw43gjjYNQ9fgBjuSpt8fvC02E7A7oyaqqyeiAyyPwvc2oSy7uS6CYf0rDBYVdRlu0MLdSkGpaxdHh5GaBY+X4dmSSY2fVoof+eeHP5sUDIMN0j5xDai/pwPW9zLSzD9QifIwgjaCDlMgTb4xI5cpxCnodioWlxUXz37VBZVVUNHZWi/+L6f08SJLccH0NwKbj507HKTWJKO9R/B0ssrt6Xcrf8c8iTMgSIvWiFyBxcSuG7htXfIIk=','2025-12-17 13:52:04','2025-12-17 13:52:04');
/*!40000 ALTER TABLE `chat_message` ENABLE KEYS */;
UNLOCK TABLES;

--
-- Table structure for table `chat_session`
--

DROP TABLE IF EXISTS `chat_session`;
/*!40101 SET @saved_cs_client     = @@character_set_client */;
/*!50503 SET character_set_client = utf8mb4 */;
CREATE TABLE `chat_session` (
  `id` bigint unsigned NOT NULL AUTO_INCREMENT COMMENT '主键ID',
  `session_id` varchar(64) NOT NULL COMMENT '会话ID（全局唯一，后端生成UUID）',
  `user_id` bigint NOT NULL COMMENT '用户唯一标识（后端从HttpRequest解析）',
  `session_title` varchar(128) DEFAULT NULL COMMENT '会话标题（基于第一条用户消息自动生成）',
  `create_time` datetime NOT NULL DEFAULT CURRENT_TIMESTAMP COMMENT '会话创建时间',
  PRIMARY KEY (`id`),
  UNIQUE KEY `uk_session_id` (`session_id`) COMMENT '保证session_id全局唯一',
  KEY `idx_user_id` (`user_id`) COMMENT '按用户ID快速查询会话列表'
) ENGINE=InnoDB AUTO_INCREMENT=34 DEFAULT CHARSET=utf8mb4 COLLATE=utf8mb4_0900_ai_ci COMMENT='AI对话会话表（存储会话维度信息）';
/*!40101 SET character_set_client = @saved_cs_client */;

--
-- Dumping data for table `chat_session`
--

LOCK TABLES `chat_session` WRITE;
/*!40000 ALTER TABLE `chat_session` DISABLE KEYS */;
INSERT INTO `chat_session` VALUES (5,'sess_8e3df1a8cb544427a64f5f359cf248da',4,'还能给点别的解决办法吗','2025-12-13 16:48:13'),(18,'sess_acf8590a055f49c096974eae33d9e359',4,'测试','2025-12-13 17:14:33'),(20,'sess_4255c1c693d6467a9ffa944d9916edbd',3,'test','2025-12-13 17:54:36'),(29,'sess_32a57abc9db4491589255bfed78188eb',3,'你是谁，你是人么','2025-12-16 08:36:57'),(30,'sess_a34d7d033e5e4ec3979a30630458a85e',3,'我最近感觉到很迷茫，快要期末考试了，每天...','2025-12-16 08:39:40'),(31,'sess_834452a7964c4ed58645706ae01957b5',3,'你是豆包么','2025-12-16 10:21:19'),(32,'sess_794631f27aa8423db3984561e2c2a123',2,'我是谕诘','2025-12-16 21:35:18'),(33,'sess_0cb79b4cb86b41589c13458a40a2eb61',2,'hello','2025-12-17 13:11:34');
/*!40000 ALTER TABLE `chat_session` ENABLE KEYS */;
UNLOCK TABLES;

--
-- Table structure for table `counselor_audit_record`
--

DROP TABLE IF EXISTS `counselor_audit_record`;
/*!40101 SET @saved_cs_client     = @@character_set_client */;
/*!50503 SET character_set_client = utf8mb4 */;
CREATE TABLE `counselor_audit_record` (
  `id` bigint NOT NULL AUTO_INCREMENT COMMENT '主键ID',
  `user_id` bigint NOT NULL COMMENT '申请人ID (关联sys_user)',
  `real_name` varchar(64) NOT NULL COMMENT '真实姓名',
  `qualification_url` varchar(512) NOT NULL COMMENT '资质证书图片URL',
  `id_card_url` varchar(512) DEFAULT NULL COMMENT '身份证/执照URL(可选)',
  `status` varchar(20) NOT NULL DEFAULT 'PENDING' COMMENT '状态: PENDING(待审), APPROVED(通过), REJECTED(驳回)',
  `auditor_id` bigint DEFAULT NULL COMMENT '审核管理员ID (关联sys_user)',
  `audit_time` datetime DEFAULT NULL COMMENT '审核处理时间',
  `audit_remark` varchar(255) DEFAULT NULL COMMENT '审核备注/驳回原因',
  `create_time` datetime DEFAULT CURRENT_TIMESTAMP COMMENT '提交申请时间',
  PRIMARY KEY (`id`),
  KEY `idx_user_status` (`user_id`,`status`),
  KEY `idx_status` (`status`)
) ENGINE=InnoDB AUTO_INCREMENT=16 DEFAULT CHARSET=utf8mb4 COLLATE=utf8mb4_0900_ai_ci COMMENT='咨询师资质审核记录表';
/*!40101 SET character_set_client = @saved_cs_client */;

--
-- Dumping data for table `counselor_audit_record`
--

LOCK TABLES `counselor_audit_record` WRITE;
/*!40000 ALTER TABLE `counselor_audit_record` DISABLE KEYS */;
INSERT INTO `counselor_audit_record` VALUES (1,6,'濮波','https://worthless-cannon.net/','https://hateful-representation.org/','APPROVED',1,'2025-12-04 13:48:31','good','2025-12-04 13:34:38'),(2,9,'lilili','8888888888','csdcsadvsadvsdavsadv','APPROVED',1,'2025-12-04 14:33:49','gooddddddd','2025-12-04 14:21:10'),(3,10,'丑馨羽','https://thorough-noon.name/','https://jittery-knickers.name/','APPROVED',1,'2025-12-04 16:41:51','commodo','2025-12-04 16:40:06'),(4,5,'斑马','https://cdn.pixabay.com/photo/2025/11/28/15/29/zebras-9983175_1280.jpg','https://cdn.pixabay.com/photo/2025/11/28/15/29/zebras-9983175_1280.jpg','APPROVED',1,'2025-12-04 19:04:39','斑斑斑马','2025-12-04 19:01:43'),(5,12,'模糊搜索','https://self-reliant-perp.org/','https://enchanting-squid.info/','APPROVED',1,'2025-12-07 17:44:39','in cillum nostrud occaecat est','2025-12-07 17:43:55'),(6,12,'模糊搜索测试','https://bowed-casket.net/','https://witty-sunbeam.org/','APPROVED',1,'2025-12-07 18:00:42','in cillum nostrud occaecat est','2025-12-07 18:00:22'),(7,13,'1208测试','https://img.remit.ee/api/file/BQACAgUAAyEGAASHRsPbAAEMVINpNpXH8XRwz6dnmsN8atVl5btaUAAC4SUAAjH4sFXMJeOKBD-NVDYE.png','https://img.remit.ee/api/file/BQACAgUAAyEGAASHRsPbAAEMVINpNpXH8XRwz6dnmsN8atVl5btaUAAC4SUAAjH4sFXMJeOKBD-NVDYE.png','APPROVED',1,'2025-12-08 17:18:21','好好好','2025-12-08 17:09:58'),(8,15,'医生7','https://img.remit.ee/api/file/BQACAgUAAyEGAASHRsPbAAEMVINpNpXH8XRwz6dnmsN8atVl5btaUAAC4SUAAjH4sFXMJeOKBD-NVDYE.png','https://img.remit.ee/api/file/BQACAgUAAyEGAASHRsPbAAEMVINpNpXH8XRwz6dnmsN8atVl5btaUAAC4SUAAjH4sFXMJeOKBD-NVDYE.png','APPROVED',1,'2025-12-14 00:14:34','haohao','2025-12-13 23:19:28'),(9,16,'医生8','https://img.remit.ee/api/file/BQACAgUAAyEGAASHRsPbAAEMVINpNpXH8XRwz6dnmsN8atVl5btaUAAC4SUAAjH4sFXMJeOKBD-NVDYE.png','https://img.remit.ee/api/file/BQACAgUAAyEGAASHRsPbAAEMVINpNpXH8XRwz6dnmsN8atVl5btaUAAC4SUAAjH4sFXMJeOKBD-NVDYE.png','APPROVED',1,'2025-12-16 20:05:27','审核通过','2025-12-14 14:16:25'),(10,17,'医生09','https://mindease-oss.oss-cn-shanghai.aliyuncs.com/2025/12/a99f2853-bbe5-400d-8ce6-d6994ba4bd83.png','https://mindease-oss.oss-cn-shanghai.aliyuncs.com/2025/12/253e6682-9b97-4ef6-a645-c67c04d2537f.png','PENDING',NULL,NULL,NULL,'2025-12-15 16:49:52'),(11,19,'达奇范德林德','https://mindease-oss.oss-cn-shanghai.aliyuncs.com/2025/12/b7f92439-c80a-4a2f-87e2-f321a2d9fd0a.png','https://mindease-oss.oss-cn-shanghai.aliyuncs.com/2025/12/a38099d2-6422-4056-a9f0-85ba8af924df.png','APPROVED',1,'2025-12-15 17:08:07','审核通过','2025-12-15 17:07:51'),(12,21,'崔佛菲利浦','https://mindease-oss.oss-cn-shanghai.aliyuncs.com/2025/12/831b595c-0ee5-406e-ab45-88fa62e2f14d.png','https://mindease-oss.oss-cn-shanghai.aliyuncs.com/2025/12/234265e3-fd8d-4a2d-9a92-52776e617a2d.png','APPROVED',1,'2025-12-15 17:17:22','审核通过','2025-12-15 17:17:05'),(13,22,'麦克迪圣塔','https://mindease-oss.oss-cn-shanghai.aliyuncs.com/2025/12/f27735d4-7227-44ab-8f79-1d72b6633aa0.png','https://mindease-oss.oss-cn-shanghai.aliyuncs.com/2025/12/6b42daa3-7327-4c80-a794-b4db17979153.png','APPROVED',1,'2025-12-16 01:25:02','审核通过','2025-12-16 01:24:46'),(14,23,'王宇昊','https://mindease-oss.oss-cn-shanghai.aliyuncs.com/2025/12/c5438679-f9c2-4dfb-8adc-39ed20f58904.jpg',NULL,'APPROVED',1,'2025-12-16 11:53:16','审核通过','2025-12-16 11:52:29'),(15,25,'富兰克林克林顿','https://mindease-oss.oss-cn-shanghai.aliyuncs.com/2025/12/88a10e87-a444-46ef-8988-cd2545dc13dd.png','https://mindease-oss.oss-cn-shanghai.aliyuncs.com/2025/12/51438ccc-8e96-474d-a307-7f9445b5ffa6.png','APPROVED',1,'2025-12-16 18:58:03','审核通过','2025-12-16 18:57:45');
/*!40000 ALTER TABLE `counselor_audit_record` ENABLE KEYS */;
UNLOCK TABLES;

--
-- Table structure for table `counselor_profile`
--

DROP TABLE IF EXISTS `counselor_profile`;
/*!40101 SET @saved_cs_client     = @@character_set_client */;
/*!50503 SET character_set_client = utf8mb4 */;
CREATE TABLE `counselor_profile` (
  `user_id` bigint NOT NULL COMMENT '关联sys_user.id',
  `real_name` varchar(64) NOT NULL COMMENT '真实姓名(同步自审核表)',
  `title` varchar(64) DEFAULT NULL COMMENT '头衔(如:资深咨询师)',
  `experience_years` int DEFAULT NULL COMMENT '从业年限',
  `specialty` json DEFAULT NULL COMMENT '擅长领域JSON数组',
  `bio` text COMMENT '个人简介',
  `qualification_url` varchar(512) DEFAULT NULL COMMENT '当前展示的证书URL',
  `location` varchar(128) DEFAULT NULL COMMENT '所在地区',
  `work_schedule` json DEFAULT NULL COMMENT '排班配置: {"workDays":[1,2], "workHours":[{"start":"09:00","end":"12:00"}]}',
  `price_per_hour` decimal(10,2) DEFAULT '0.00' COMMENT '咨询价格/小时',
  `rating` decimal(3,1) DEFAULT '5.0' COMMENT '综合评分',
  `review_count` int DEFAULT '0' COMMENT '评价总数',
  PRIMARY KEY (`user_id`)
) ENGINE=InnoDB DEFAULT CHARSET=utf8mb4 COLLATE=utf8mb4_0900_ai_ci COMMENT='咨询师公开资料表';
/*!40101 SET character_set_client = @saved_cs_client */;

--
-- Dumping data for table `counselor_profile`
--

LOCK TABLES `counselor_profile` WRITE;
/*!40000 ALTER TABLE `counselor_profile` DISABLE KEYS */;
INSERT INTO `counselor_profile` VALUES (10,'丑馨羽',NULL,NULL,NULL,NULL,'https://thorough-noon.name/',NULL,'{\"workDays\": [1, 2, 3, 4, 5], \"workHours\": [{\"end\": \"12:00\", \"start\": \"09:00\"}, {\"end\": \"18:00\", \"start\": \"14:00\"}]}',NULL,5.0,0),(12,'模糊搜索测试','资深心理咨询师',3,'[\"焦虑\"]','初级心理咨询师','https://bowed-casket.net/','上海嘉定','{\"workDays\": [1, 2, 3, 4, 5, 6, 7], \"workHours\": [{\"end\": \"18:00\", \"start\": \"09:00\"}]}',500.00,4.0,2),(13,'1208测试','100级咨询师',60,'[\"焦虑\", \"抑郁\", \"失眠\", \"家庭关系\"]','哈哈哈','https://img.remit.ee/api/file/BQACAgUAAyEGAASHRsPbAAEMVINpNpXH8XRwz6dnmsN8atVl5btaUAAC4SUAAjH4sFXMJeOKBD-NVDYE.png','上海浦东','{\"workDays\": [1, 3, 5, 7], \"workHours\": [{\"end\": \"18:00\", \"start\": \"09:00\"}]}',1000.00,5.0,0),(15,'医生7','国家满级心理咨询师',60,'[\"焦虑\", \"职场压力\", \"情绪管理\"]','哈哈哈','https://img.remit.ee/api/file/BQACAgUAAyEGAASHRsPbAAEMVINpNpXH8XRwz6dnmsN8atVl5btaUAAC4SUAAjH4sFXMJeOKBD-NVDYE.png','上海','{\"workDays\": [3, 4], \"workHours\": [{\"end\": \"17:00\", \"start\": \"09:00\"}]}',2000.00,5.0,0),(16,'医生8','国家一级心理咨询师',50,'[\"职场压力\", \"家庭关系\", \"婚恋关系\"]','牛','https://img.remit.ee/api/file/BQACAgUAAyEGAASHRsPbAAEMVINpNpXH8XRwz6dnmsN8atVl5btaUAAC4SUAAjH4sFXMJeOKBD-NVDYE.png','北京',NULL,200.00,5.0,0),(17,'医生09','厉害极了的督导',30,'[\"情绪管理\", \"失眠\"]','好好好','https://mindease-oss.oss-cn-shanghai.aliyuncs.com/2025/12/a99f2853-bbe5-400d-8ce6-d6994ba4bd83.png','兰州',NULL,300.00,5.0,0),(19,'达奇范德林德','国家一级plan咨询师',30,'[\"家庭关系\", \"抑郁\", \"失眠\"]','i have a plan','https://mindease-oss.oss-cn-shanghai.aliyuncs.com/2025/12/b7f92439-c80a-4a2f-87e2-f321a2d9fd0a.png','大溪地','{\"workDays\": [2, 4, 6], \"workHours\": [{\"end\": \"18:00\", \"start\": \"09:00\"}]}',2000.00,2.7,3),(21,'崔佛菲利浦','国家二级心理咨询师',30,'[\"抑郁\", \"失眠\", \"职场压力\"]','好好','https://mindease-oss.oss-cn-shanghai.aliyuncs.com/2025/12/831b595c-0ee5-406e-ab45-88fa62e2f14d.png','洛圣都','{\"workDays\": [1, 2, 3, 4, 5, 6, 7], \"workHours\": [{\"end\": \"18:00\", \"start\": \"09:00\"}]}',300.00,5.0,0),(22,'麦克迪圣塔','国家0级心理咨询师',1,'[\"婚恋关系\", \"家庭关系\", \"亲子关系\", \"职场压力\"]','擅长处理家庭矛盾','https://mindease-oss.oss-cn-shanghai.aliyuncs.com/2025/12/f27735d4-7227-44ab-8f79-1d72b6633aa0.png','洛圣都','{\"workDays\": [1, 2, 3, 4, 5, 6, 7], \"workHours\": [{\"end\": \"16:00\", \"start\": \"12:00\"}]}',1.00,5.0,0),(23,'王宇昊','GTI',5,'[\"失眠\"]','游戏《三角洲行动》中的突击类干员。威龙真名为王宇昊，身体素质、平衡能力和反应能力都非常出色，有着强烈的信念感和使命感。帮助敌人解决失眠的问题，只需要发一个红包就可以送回特勤处了。','https://mindease-oss.oss-cn-shanghai.aliyuncs.com/2025/12/c5438679-f9c2-4dfb-8adc-39ed20f58904.jpg','成都','{\"workDays\": [1, 2, 3, 4, 5], \"workHours\": [{\"end\": \"18:00\", \"start\": \"09:00\"}]}',100.00,5.0,0),(25,'富兰克林克林顿','国家二级心理咨询师',3,'[\"职场压力\", \"事业\", \"情绪管理\"]','擅长处理职场情绪问题','https://mindease-oss.oss-cn-shanghai.aliyuncs.com/2025/12/88a10e87-a444-46ef-8988-cd2545dc13dd.png','洛圣都','{\"workDays\": [1, 2, 3, 4, 5, 6], \"workHours\": [{\"end\": \"18:00\", \"start\": \"09:00\"}]}',2000.00,5.0,0);
/*!40000 ALTER TABLE `counselor_profile` ENABLE KEYS */;
UNLOCK TABLES;

--
-- Table structure for table `counselor_review`
--

DROP TABLE IF EXISTS `counselor_review`;
/*!40101 SET @saved_cs_client     = @@character_set_client */;
/*!50503 SET character_set_client = utf8mb4 */;
CREATE TABLE `counselor_review` (
  `id` bigint NOT NULL AUTO_INCREMENT,
  `appointment_id` bigint NOT NULL COMMENT '关联预约ID',
  `counselor_id` bigint NOT NULL COMMENT '咨询师ID',
  `user_id` bigint NOT NULL COMMENT '评价人ID',
  `rating` int NOT NULL COMMENT '评分1-5',
  `content` text COMMENT '评价内容',
  `create_time` datetime DEFAULT CURRENT_TIMESTAMP,
  PRIMARY KEY (`id`),
  KEY `idx_counselor_id` (`counselor_id`)
) ENGINE=InnoDB AUTO_INCREMENT=6 DEFAULT CHARSET=utf8mb4 COLLATE=utf8mb4_0900_ai_ci COMMENT='咨询评价表';
/*!40101 SET character_set_client = @saved_cs_client */;

--
-- Dumping data for table `counselor_review`
--

LOCK TABLES `counselor_review` WRITE;
/*!40000 ALTER TABLE `counselor_review` DISABLE KEYS */;
INSERT INTO `counselor_review` VALUES (1,6,12,3,5,'感觉非常的不错，测试医生很专业，不错不错','2025-12-16 08:19:53'),(2,9,19,4,1,'plan太多了 不顾实际情况','2025-12-16 13:29:38'),(3,8,19,4,2,'一言不合就开枪打人','2025-12-16 13:30:10'),(4,7,19,2,5,'I do have a plan','2025-12-16 16:00:27'),(5,11,12,3,3,'这次不咋地啊','2025-12-16 18:35:46');
/*!40000 ALTER TABLE `counselor_review` ENABLE KEYS */;
UNLOCK TABLES;

--
-- Table structure for table `mood_log`
--

DROP TABLE IF EXISTS `mood_log`;
/*!40101 SET @saved_cs_client     = @@character_set_client */;
/*!50503 SET character_set_client = utf8mb4 */;
CREATE TABLE `mood_log` (
  `id` bigint NOT NULL AUTO_INCREMENT COMMENT '主键ID',
  `user_id` bigint NOT NULL COMMENT '用户ID',
  `mood_type` varchar(32) NOT NULL COMMENT '情绪类型',
  `mood_score` int NOT NULL COMMENT '评分(0-10)',
  `content` text COMMENT '日记内容（AES-256-GCM加密存储）',
  `tags` text COMMENT '标签JSON数组（AES-256-GCM加密存储）',
  `ai_analysis` text COMMENT 'AI分析建议（AES-256-GCM加密存储）',
  `log_date` datetime NOT NULL COMMENT '日记归属日期',
  `create_time` datetime DEFAULT CURRENT_TIMESTAMP COMMENT '创建时间',
  PRIMARY KEY (`id`),
  KEY `idx_user_date` (`user_id`,`log_date`)
) ENGINE=InnoDB AUTO_INCREMENT=7 DEFAULT CHARSET=utf8mb4 COLLATE=utf8mb4_0900_ai_ci COMMENT='情绪日记表';
/*!40101 SET character_set_client = @saved_cs_client */;

--
-- Dumping data for table `mood_log`
--

LOCK TABLES `mood_log` WRITE;
/*!40000 ALTER TABLE `mood_log` DISABLE KEYS */;
INSERT INTO `mood_log` VALUES (1,4,'Anxious',1,'RA8HG5x13jihkNDeqE/dSH+qm/0MS2TJKVSRzYt1Gf7yrolvAOtLWLlinuOeIFwuBo2LCbaXugc=','vyyLN/FylM3VvUDtbq9Fk8vJ8LKcI9MkDEG5n9yr','hhdCmcqkhKwzFcwVBX+mdccaJxU6BslQNtwR0t3rRF1lUWCtzrJZuQz52wf0JFOy6KA1ocdz0Sn0VFnt0Vk8H/RBt0txFwJEVe7NJppc0mGs+B9X+5yvqlIS73T+ZvKbiQWlQ8K7APZ/Db3HXn4yqiR+YQdAOAYkoSVxY5qiMLyWwpfManvZcfOSGOZFyy2fAnBcyC3b6gqhQqSaxyDIgYy8MFiE8+pkRGUBVqbpalTM89bfRnHs0BxJ0kelvKvouLxtvxhwM2ucheLALZDBsfJjhQCc+zFqigohDxatAs/nas+/Vb4cI8A5R5jmtS7RLJvm+x3Fkp3I4qvOcy2nW65CAy3YG52MGBQTlnU+/X4QndUhKThB5gsdAV4cT/a1IskOfs9n64ONDPlh+mPSBY72eIXMT0qqRA323prHLoXJ3EoRkgkSdNNe+6IJrl2RHz9D4W0UPzPE45t8yLUPPoRU/z1CpdPYY3x4sxVKK2yDgQy6PV3zxKdtkXfZxF8EAhz9bChSAwsC7sJdLkWZwKr/njbAS0CagMOf9JThOAeMOC3pPLU2L3o5CP5P8wu0vRUc4su8VmkWUObxKnREZTnQ+IUOKoY/vJV1H7icEAJzLHqci9g+V6HIc5ZzzEQMgZZSBNEr31tRoWiMuR8djaVLjMC0138ovidtI2jSgP5ZIkVnqNg9O9SgoKzsbxpN+Lzbr6EYXYZJIMBuR8sWiyCPqIRwS8jNjAaqzmZpxVZApOgCkkJRvKvStjaJW52IUAtFiJiacCom0kZcOBwU0jBZn+O22TKu+6HH3uwZ64OvQ6+mW0VVJi+oE4WqOklLW7qbTz1988NfpGvR5o9+CsM4gIXUhybMLKIcy5PkmuZ0dDpowApQMQ/5BxLQFxnqVZtmbUBOY5gmR8R9d65rDHrH91MllBZYPUM7c2ZPpC+k+Evkwj6ePCotzyLyUA49BDF1OllnzO4Dl4uLUfQb1LkHGCK37TVjGhQTpcguBTXJ/TVx','2025-12-16 13:21:17','2025-12-16 13:21:45'),(2,3,'Anxious',3,'CUAQhVkCL5UYZFykJWJIkVmAy+LC+pVnlKPQg46uUAfm/qV62TQP+W0U9oOXADoINlbaBRmssAgdhUdXb4Oy5ow+Wgjr0A==','wX2E5S1CcDFFaUE/TzCEg5f3+Cuf7MaOFxcKsHu1','OOTN4mSYSa7+xaVQtWGRlrMuWT6wQFZ79deXaBqemHlYgW1d0s8+1FGzylKsHYXneEc4a2+NmEgLX+n35TZZ/cmZzWzzmo4J17wjd7Zei5m6rnIiyr/GyEimRV3JMruTA9n+RVtxbCdyxkEniwSjUskaak7nhFSK4QhHOsW2O1wWRSxuasfQCjNwKwL1s9JkzjoZ0+U7iSWKQX2aG7563ddjkx1MgX9BjZ9DUMZnSW0NWk/qGFe+CM/7pFcqvdObxSUz+qtV0YtFnwlO+1YXIesGmrOVRPWSUuzzPbFAsfXZIf+BMFmqihTi0lRepMW8B5Ko9K5KfLjuYEMySzxYP7/qfXsRWfy9CdbC6GY7A8eySrHKxSqYzLa6XeDuNwNDJLTW+aeqNU+IFJAOCpYt0abO+lsFUJK/3XgZS6EPayTnDjL9xXUF6JIpCioqgNv3KPFLpQpoUVEJTJC+TnNna97eXzsBOyUJItHni+3p0aqvuhSg6tsIw6lz8fwaiKK9jbUYxmso8Vx4d0rqAt5jToPfoIr2RdDg268pB4276A2AH99a4Yf95crlaeZIT5nxLrLrKvG/LCakOyr8uGbvH5eEA56Loa442XTJCSaDC66HBAIVa4OD2FkxLxBTpoIOCW2yaWPP51fqXRfg1g+N/yZlWW8OVGgGlquvxQbubneCpIKpJZ86yI6w3t/a5ZtWHHkndnd4bsz/rpHyA8F+N5P8SFpyB28/x2kJvZk4RWHBSJL3tnbZbqNXh3l8EJNI9Mp9Y/e4bqueK7CdMImbpZsOlCWMgTzwuTWwc+NL9TtvJd/pf6gr8aFkZIWzVO9SDDXTo+zjXa1tJFDa1Q8KtHaQxiSd/WUji7f/HdnCw3d9DH6qHs8JBIX9SHlJ/HeNTaSoJNKLqYfN+CloHabH0PqIQeh1QjsaO/VHmWRYWHO63xiyeTRfsNNF0EJu4N6o9+zimQRJRxg6vo+ybuhdsfkgmaEG2ZRyMYIu6lz+0RKGP+oeJnNMNZj6F+ActRUUgWNKIGDbXf7JQEozinglaVzSjcOC3o6K3cYatyf9V+rib9oqbtGAPeZOfbB+PDkT//KCCagck0enJ/wIUeLSIJKuQXfakjMXsH8hMlqOl+xW1cnnZV85/aq359XlNs5Za485xcrd8plF70CYjbxaF9KN6F0IuYgK7/zCekyZHj4iG/J/RlsZUjImj7r3e73lREryKmW8vNpqaUe22/ohnv0VljVUVcPvC3PXpNfj5/Lz9yZJcGFC19AS2InFVO7ivJUU4jaHfAM8Dlvm+k74MKGf9v7+ay2oKcNS954e0bgme7pKcJnZ7AsOey1/XPAZcQ3l9/6rj7KpdNiRBCjWSa5pUraLQbi2qSSdCcj8XLyIyCoHgLjCmp8=','2025-12-16 18:38:28','2025-12-16 18:38:54'),(3,26,'Anxious',2,'1NZpPaVmKBnIWqE4/1+6ciaiR8QfCbE2+fHT5OJn/O52CZ0EnrgWMg1vlmuXQabuasJDG8yBSqdpRKWsK544KqI85KdihCpIAw==','A/6Yrz7dslMbGE46Z4PISzWR/JFzDHhLB9qK+7Pd','5RTCskU7knm9ZRBs9abJQjdKBF+cEvkDqpQWTK8Dh2Acef+dDTJjfXQQ1pm/bJkwWwNZkJGvMvq6EUpvNXVdA7xZuYlPMGj894Z0khMkHqTrqu9bWscQmbLYpOTNz3tUbxZOHWnSGKADTVZ90FwJu/FHpf6gRwStz2XuJLbSL2OBwwlSr5lBAPhVl8R2w1NsJf6vjPUhVbt9rtxIlGVwrrG+3wqd9hCrmc5LWm+gZUO/CoKLnp2n1Tt3lG/42ALZC2zW19ncWDqWaHLeDyNANgXbbRP+SBp+SQhCcd4QZxb5vbgRxnznCjvcVb4JaTH1/YoC7hc8Ix12xIDMzMoMmLhNPBJ8iXA1vkYYWhYQJTrH25b55pcj4qksxy/v3kT+JqpUPMrYU5LWPFijl9yZHGtPQMtrMPpzUtAYyFNsPPm3gM7vXPplGX4iTmaP8ihgM1/v4lXsnQNhUCt2qV3KEc03YY5ocXKPF0Si496axPih+gRvp8mvRcbH5UmS+Dt6aQ5SRAImN4WXsEtyi7E9CmqKr7anjFP8F9vUJ8SMNimWxPi5Xa4rqL1OoUd1LNX/F+s8+Bug9mqj/7JDBlRrK4tiR3XsJivR/0x1pyCwRreQu2Z4hGi3l9e33CHDslELl6sgJFqdcOQmoBTFnlAFWFuirUYQ64pNIgD9iLzH0r+mExNHrxzt39/MdmAJVERUb7vEZNpWjT/+5z1D9fL6OZVzY5jfCssSNvftQjwke1+KzB+bIx2X2wq/cC9A+JF+YgZ8V87evrc5gcze+W+7ygCsBSqiOCCFG0NjaomrNYfIY9rrlhozgL8LeOGfMYZiG7NeogATuCvjmrxyW7Lwsgx7Ru4GQOC4fukzqkDLSH3KbFhZbPwWxnMX91yEuRzc9CSLUmrz5QCKAU7X8rbZekuoVpK7xeCGFKPnZ19c+mMPAo6L358fk3USTtLgBHs6XM8UOim3ThUfCiaPnpY8VLjh4cym7+NAfPjEILVVVmven3u0aOCpIrsWol/8dmi7cgyyJsAyLUrQPvTqrJlc616PzymdNTKdeZtfg0VJ1+UHHBp0EUtoErTVFFKXR6jC5h7EbvVqUYmoCnXmiWw6VIeKY/DLFshwPNPHdntK/Qhf5Y6ZIdEJyAvkzT8YEpxu/jwaHzlp7Ed5S/8VBQnK8/4/9ocUFN7MZBJoQsiS31Aw4htKeqICLMg8zEE0iw/MJ2YSDyR0jgjqZcFxmSOXs1X1zvGgxmRkXJeqNSkX5yV/slu7eCs2QVikeWaZeDIG8jrZmExSfop+zwznTySWJeBfF5fqbZVD8WHahLHOuh0XgOCd7tUvpj/9vc2DKQ1Uq6U4kGTxlWN7kDZpZ03mIQUy4aLigzvh+cPebe+nrKYXkHO9QlyvK5dd+w15EuNHAa8xzg2jlQGPkCM+9BdD/D0GJSxy/F4zjOtbePHYKpwUfnc6dshOjVQOrBfAE3ZufBLDvWixEaH1AwoCQkdCnRvUzzPABPfWYNOAfOZRXLxAKQkKqwVXUXA2JTjgZ4Nn2Zo0ouTcJXFdm1Gvyvo/0B8UKz32ymSwmzc8YcJXRqhUOGAr4MzT/PQYa+xAV3q0hHEZI2vOzFpzywPMDCg8F33O7rb5uRWdwqdshVygajWjZq8wjAx5H44=','2025-12-16 19:45:22','2025-12-16 19:46:50'),(5,2,'Happy',7,'3IuKvPiulKJzBsapO81Lywn3LZC3XfAP/RWUs2rExk26QPiVZk11D48cjg==','KdGOnWNdxM29HXDnGhAD1bEjmE/Hpik2th7SQ7FR','BtsnxcfgqrGGgjn0hvq8ExKy4Ll/8lxu3+p56IdmEsoh2z3ikqBFCODr9vi2TUhxhweof/kchrO03x1Qx9/AghHrEVBaL1LuEtq44V3AM9QoDFCcL5ikDiFBRfBae1wSWh1/BxmDlBEw9RqtYqPtC0BE8/ZZUStmndYFwQ5ZUkg2f1zvCMnaj4DF1Tp1gdLZQ0yxv/PIAkfHdasQSZCXxwv+JCkeoHSHkaEo/gejoES1uE7QzD0qltfVjXJXoZwfPaJW+dAuC2pFDciz5FXbnxBi6bj2h6ElWLc3BzSijynEYUh+fbJQQFsWQTU0CyWwn1bCS/AhLQTL42qvO4siylxaVvLh3BP4JuA0jAFL5rnMQcxJPWmj4xBrQBRt1pwQKZTaTWbb9XtEQwfKtSxB7y0n0Uk/faJPILjYN207VUZVpwES+o0EcYtn1/WYjjdoulKGtzvdIm/GqdczG9CmLdPyiVdshbaQVPEot/sikvypi7FsnZcqZFbnp0sKaXhK7G3nwt/Ws9c30C+UsJpG97bfDERfrkA9FRN6O/DCsVXYBrka7iCrKh2fPAwzoS6v3n+jrhJbkkQ+I68Cvf/VQofVwgf4/uiDeOpm6RIDQK8C3HxS2OLRqumKddn1qO2r8Ipxqz6ir7af2iFjuMvk9pNHmofDlL8BKfJY0p1JShD7BaMpnT4S1xlT','2026-01-02 22:44:13','2026-01-02 22:44:31'),(6,2,'Anxious',5,'5ueC/zaPrfudSLpikKvaD51SFGiFt3C7YbjqBlcL4DYxT0WANUumm1FV3Jjb/g==','pbMVVY31UJV+hq8vi19jYRIgbdFmnd9LLtIh9ska','tmk4pEtt4LRQhFeha2LVjUT9W4B3SpEGiTbQZphxWS2V81N25Q9RZGl7JDz/wEs5q1Pe1rfPuBgkHiXf5/a8ORqrbEo2oFJEcvF8+cT/o4eZgHXa3pVV4zaRERB0ylnYWPrXEkARsBza2otAILBQJ1n8sKDG/ho59PZ/pBwvXkaUa4SxuCwBdHUlG8FqtcwivSMDnnx5lbk6vflfQZn7qeJiPq6s3q7UL8vHHEpMmmw56zH4raE2PirSJyXw8v8Z7cG5pd3cKE+5okkD0gU81EhqaMj0wL6h88XRoUnqVCNAZeXa+P2Vhe4AgMHMlIJUmTOs7ow8lnoUWkp5eNRisBxtOaVFR6BauZQiAkF5r2aW2r72dcoz2Ri0nNHWxPrHS4tllw8TP/G2uMjssCbwO2E2pVJT82uOikXvdlQSQbITXqgNVxGLXEVJBbBOK/JQomLoqqGnpqFT0sytpLqksd81FgNoXkdwTRqivcsKbzqSKdGEYkAaws4naumzEu3lT4d3y6wjBaXrFJtFA+dIks+5RaYfV3TiZx4/csvDeYQbL3tJrgU8Gj3mKMxbCrwpRWu61w8Jz77fWiMZTO3X3qHasrntPFVnXefoSGmwMbsoJrDGse+2P2oOh+f3+YEMqoxUbmKfoLiqmVTKZ/ZmRK2NJ35tHsEDUMaiiUOFP9YHn1EF/TGp56puG8XVInf/xh4E0Y4Y5phy0iQ=','2026-01-03 00:23:50','2026-01-03 00:24:06');
/*!40000 ALTER TABLE `mood_log` ENABLE KEYS */;
UNLOCK TABLES;

--
-- Table structure for table `sys_notification`
--

DROP TABLE IF EXISTS `sys_notification`;
/*!40101 SET @saved_cs_client     = @@character_set_client */;
/*!50503 SET character_set_client = utf8mb4 */;
CREATE TABLE `sys_notification` (
  `id` bigint NOT NULL AUTO_INCREMENT COMMENT '主键ID',
  `user_id` bigint NOT NULL COMMENT '接收用户ID',
  `type` varchar(32) NOT NULL COMMENT '类型: system, appointment, audit',
  `title` varchar(128) NOT NULL COMMENT '标题',
  `content` text COMMENT '内容',
  `is_read` tinyint(1) DEFAULT '0' COMMENT '0-未读, 1-已读',
  `create_time` datetime DEFAULT CURRENT_TIMESTAMP COMMENT '创建时间',
  PRIMARY KEY (`id`),
  KEY `idx_user_read` (`user_id`,`is_read`)
) ENGINE=InnoDB AUTO_INCREMENT=55 DEFAULT CHARSET=utf8mb4 COLLATE=utf8mb4_0900_ai_ci COMMENT='系统通知表';
/*!40101 SET character_set_client = @saved_cs_client */;

--
-- Dumping data for table `sys_notification`
--

LOCK TABLES `sys_notification` WRITE;
/*!40000 ALTER TABLE `sys_notification` DISABLE KEYS */;
INSERT INTO `sys_notification` VALUES (1,6,'audit','资质审核通过','恭喜您，您的咨询师资质审核已通过！您现在可以设置排班并开始接单了。',0,'2025-12-04 13:48:31'),(2,9,'audit','资质审核通过','恭喜您，您的咨询师资质审核已通过！您现在可以设置排班并开始接单了。',0,'2025-12-04 14:33:49'),(3,10,'audit','资质审核通过','恭喜您，您的咨询师资质审核已通过！您现在可以设置排班并开始接单了。',1,'2025-12-04 16:41:51'),(4,5,'audit','资质审核通过','恭喜您，您的咨询师资质审核已通过！您现在可以设置排班并开始接单了。',1,'2025-12-04 19:04:39'),(5,10,'appointment','新预约提醒','用户 Lee试下改名 预约了您的咨询服务，时间：2025-12-08 09:00，请及时确认。',1,'2025-12-07 15:21:18'),(6,10,'appointment','新预约提醒','用户 Lee试下改名 预约了您的咨询服务，时间：2025-12-09 15:00，请及时确认。',1,'2025-12-07 16:04:37'),(7,12,'audit','资质审核通过','恭喜您，您的咨询师资质审核已通过！您现在可以设置排班并开始接单了。',1,'2025-12-07 17:44:42'),(8,12,'audit','资质审核通过','恭喜您，您的咨询师资质审核已通过！您现在可以设置排班并开始接单了。',1,'2025-12-07 18:00:45'),(9,10,'appointment','预约已取消','原本定于 12-09 15:00 的预约已被取消。原因：用户取消',1,'2025-12-08 17:11:55'),(10,10,'appointment','预约已取消','原本定于 12-08 09:00 的预约已被取消。原因：用户取消',1,'2025-12-08 17:11:57'),(11,13,'audit','资质审核通过','恭喜您，您的咨询师资质审核已通过！您现在可以设置排班并开始接单了。',1,'2025-12-08 17:18:21'),(12,5,'appointment','新预约提醒','用户 Lee试下改名 预约了您的咨询服务，时间：2025-12-14 09:00，请及时确认。',1,'2025-12-13 23:29:18'),(13,4,'appointment','预约已确认','斑马已确认您的预约（12-14 09:00），请准时参加。',0,'2025-12-13 23:29:48'),(14,4,'appointment','预约已取消','原本定于 12-14 09:00 的预约已被取消。原因：hhhhhhh',0,'2025-12-13 23:53:00'),(15,15,'audit','资质审核通过','恭喜您，您的咨询师资质审核已通过！您现在可以设置排班并开始接单了。',0,'2025-12-14 00:14:34'),(16,15,'appointment','新预约提醒','用户 Lee试下改名 预约了您的咨询服务，时间：2025-12-25 13:00，请及时确认。',0,'2025-12-14 14:33:39'),(17,5,'appointment','新预约提醒','用户 Lee试下改名 预约了您的咨询服务，时间：2025-12-31 12:00，请及时确认。',0,'2025-12-14 21:48:58'),(18,12,'appointment','新预约提醒','用户 liu 预约了您的咨询服务，时间：2025-12-15 17:00，请及时确认。',1,'2025-12-15 15:54:45'),(19,3,'appointment','预约已确认','模糊搜索测试已确认您的预约（12-15 17:00），请准时参加。',1,'2025-12-15 15:55:12'),(20,3,'appointment','预约已确认','模糊搜索测试已确认您的预约（12-15 17:00），请准时参加。',1,'2025-12-15 15:55:14'),(21,19,'audit','资质审核通过','恭喜您，您的咨询师资质审核已通过！您现在可以设置排班并开始接单了。',0,'2025-12-15 17:08:07'),(22,21,'audit','资质审核通过','恭喜您，您的咨询师资质审核已通过！您现在可以设置排班并开始接单了。',0,'2025-12-15 17:17:22'),(23,19,'appointment','新预约提醒','用户 manwhatcanisay 预约了您的咨询服务，时间：2025-12-16 12:00，请及时确认。',0,'2025-12-15 17:31:38'),(24,2,'appointment','预约已确认','达奇范德林德已确认您的预约（12-16 12:00），请准时参加。',1,'2025-12-15 17:32:59'),(25,3,'appointment','咨询已完成','您与 模糊搜索测试 的咨询（12-15 17:00）已完成，欢迎对本次咨询进行评价。',1,'2025-12-15 19:10:54'),(26,19,'appointment','新预约提醒','用户 Lee试下改名 预约了您的咨询服务，时间：2025-12-16 09:00，请及时确认。',0,'2025-12-15 23:41:12'),(27,19,'appointment','新预约提醒','用户 Lee试下改名 预约了您的咨询服务，时间：2025-12-16 10:00，请及时确认。',0,'2025-12-15 23:41:29'),(28,19,'appointment','新预约提醒','用户 Lee试下改名 预约了您的咨询服务，时间：2025-12-16 13:00，请及时确认。',0,'2025-12-15 23:41:47'),(29,4,'appointment','预约已确认','达奇范德林德已确认您的预约（12-16 09:00），请准时参加。',0,'2025-12-15 23:42:30'),(30,4,'appointment','预约已确认','达奇范德林德已确认您的预约（12-16 10:00），请准时参加。',0,'2025-12-15 23:42:32'),(31,4,'appointment','预约已确认','达奇范德林德已确认您的预约（12-16 13:00），请准时参加。',0,'2025-12-15 23:42:33'),(32,22,'audit','资质审核通过','恭喜您，您的咨询师资质审核已通过！您现在可以设置排班并开始接单了。',0,'2025-12-16 01:25:02'),(33,12,'appointment','新预约提醒','用户 liu 预约了您的咨询服务，时间：2025-12-16 10:00，请及时确认。',1,'2025-12-16 08:19:08'),(34,3,'appointment','预约已确认','模糊搜索测试已确认您的预约（12-16 10:00），请准时参加。',1,'2025-12-16 08:20:45'),(35,23,'audit','资质审核通过','恭喜您，您的咨询师资质审核已通过！您现在可以设置排班并开始接单了。',0,'2025-12-16 11:53:17'),(36,3,'appointment','咨询已完成','您与 模糊搜索测试 的咨询（12-16 10:00）已完成，欢迎对本次咨询进行评价。',1,'2025-12-16 11:55:49'),(37,4,'appointment','咨询已完成','您与 达奇范德林德 的咨询（12-16 09:00）已完成，欢迎对本次咨询进行评价。',0,'2025-12-16 13:21:03'),(38,4,'appointment','咨询已完成','您与 达奇范德林德 的咨询（12-16 10:00）已完成，欢迎对本次咨询进行评价。',0,'2025-12-16 13:21:03'),(39,2,'appointment','咨询已完成','您与 达奇范德林德 的咨询（12-16 12:00）已完成，欢迎对本次咨询进行评价。',0,'2025-12-16 13:38:28'),(40,21,'appointment','新预约提醒','用户 manwhatcanisay 预约了您的咨询服务，时间：2025-12-16 09:00，请及时确认。',0,'2025-12-16 13:41:00'),(41,4,'appointment','咨询已完成','您与 达奇范德林德 的咨询（12-16 13:00）已完成，欢迎对本次咨询进行评价。',0,'2025-12-16 14:17:01'),(42,12,'appointment','新预约提醒','用户 liu 预约了您的咨询服务，时间：2025-12-17 13:00，请及时确认。',0,'2025-12-16 18:28:55'),(43,3,'appointment','预约已确认','模糊搜索测试已确认您的预约（12-17 13:00），请准时参加。',1,'2025-12-16 18:29:30'),(44,19,'appointment','新预约提醒','用户 Lee试下改名 预约了您的咨询服务，时间：2025-12-18 09:00，请及时确认。',0,'2025-12-16 18:39:45'),(45,23,'appointment','新预约提醒','用户 liu 预约了您的咨询服务，时间：2025-12-17 13:00，请及时确认。',0,'2025-12-16 18:47:42'),(46,25,'audit','资质审核通过','恭喜您，您的咨询师资质审核已通过！您现在可以设置排班并开始接单了。',0,'2025-12-16 18:58:03'),(47,25,'appointment','新预约提醒','用户 Lee测试账号 预约了您的咨询服务，时间：2025-12-17 10:00，请及时确认。',0,'2025-12-16 18:59:59'),(48,13,'appointment','新预约提醒','用户 JAVA_Final_Project 预约了您的咨询服务，时间：2025-12-24 10:00，请及时确认。',0,'2025-12-16 19:57:47'),(49,12,'appointment','新预约提醒','用户 JAVA_Final_Project 预约了您的咨询服务，时间：2025-12-17 16:00，请及时确认。',0,'2025-12-16 20:01:12'),(50,26,'appointment','预约已确认','模糊搜索测试已确认您的预约（12-17 16:00），请准时参加。',0,'2025-12-16 20:02:20'),(51,16,'audit','资质审核通过','恭喜您，您的咨询师资质审核已通过！您现在可以设置排班并开始接单了。',0,'2025-12-16 20:05:30'),(52,19,'appointment','新预约提醒','用户 manwhatcanisay 预约了您的咨询服务，时间：2025-12-18 10:00，请及时确认。',0,'2025-12-17 13:53:56'),(53,2,'appointment','预约已确认','达奇范德林德已确认您的预约（12-18 10:00），请准时参加。',0,'2025-12-17 13:56:23'),(54,2,'appointment','咨询已完成','您与 达奇范德林德 的咨询（12-18 10:00）已完成，欢迎对本次咨询进行评价。',0,'2026-01-02 22:44:10');
/*!40000 ALTER TABLE `sys_notification` ENABLE KEYS */;
UNLOCK TABLES;

--
-- Table structure for table `sys_user`
--

DROP TABLE IF EXISTS `sys_user`;
/*!40101 SET @saved_cs_client     = @@character_set_client */;
/*!50503 SET character_set_client = utf8mb4 */;
CREATE TABLE `sys_user` (
  `id` bigint NOT NULL AUTO_INCREMENT COMMENT '主键ID',
  `username` varchar(64) NOT NULL COMMENT '用户名/账号',
  `password` varchar(128) NOT NULL COMMENT '加密密码',
  `nickname` varchar(64) DEFAULT NULL COMMENT '昵称',
  `avatar` varchar(512) DEFAULT NULL COMMENT '头像URL',
  `phone` varchar(20) DEFAULT NULL COMMENT '手机号',
  `role` varchar(32) NOT NULL DEFAULT 'user' COMMENT '角色: user, counselor, admin',
  `status` tinyint NOT NULL DEFAULT '1' COMMENT '状态: 1-正常, 2-待审核/资料未完善, 0-禁用',
  `create_time` datetime DEFAULT CURRENT_TIMESTAMP COMMENT '注册时间',
  `update_time` datetime DEFAULT CURRENT_TIMESTAMP ON UPDATE CURRENT_TIMESTAMP COMMENT '更新时间',
  PRIMARY KEY (`id`),
  UNIQUE KEY `uk_username` (`username`)
) ENGINE=InnoDB AUTO_INCREMENT=27 DEFAULT CHARSET=utf8mb4 COLLATE=utf8mb4_0900_ai_ci COMMENT='系统用户表';
/*!40101 SET character_set_client = @saved_cs_client */;

--
-- Dumping data for table `sys_user`
--

LOCK TABLES `sys_user` WRITE;
/*!40000 ALTER TABLE `sys_user` DISABLE KEYS */;
INSERT INTO `sys_user` VALUES (1,'admin','e10adc3949ba59abbe56e057f20f883e','系统管理员',NULL,NULL,'admin',1,'2025-12-03 14:05:23','2025-12-03 14:05:23'),(2,'eric','e10adc3949ba59abbe56e057f20f883e','manwhatcanisay','https://mindease-oss.oss-cn-shanghai.aliyuncs.com/2025/12/9ef09481-51f8-40e0-b802-051addc1e066.jpg','123123123133','USER',1,'2025-12-03 14:25:01','2025-12-15 17:29:11'),(3,'liu','e10adc3949ba59abbe56e057f20f883e','liu','','12904491156','USER',1,'2025-12-03 14:26:48','2025-12-03 15:58:19'),(4,'leetest','e10adc3949ba59abbe56e057f20f883e','Lee测试账号','https://mindease-oss.oss-cn-shanghai.aliyuncs.com/2025/12/2204ee38-b842-4e99-a0ac-4c599caa1a18.png','18393376666','USER',1,'2025-12-04 09:05:52','2025-12-16 18:50:33'),(5,'doctortest','e10adc3949ba59abbe56e057f20f883e','doctor1','https://mindease-oss.oss-cn-shanghai.aliyuncs.com/2025/12/05062fc1-862b-4e23-ae48-158d5112eaf2.png','17716665555','COUNSELOR',1,'2025-12-04 09:08:37','2025-12-15 16:39:06'),(6,'doctortest2','e10adc3949ba59abbe56e057f20f883e','doctor2',NULL,'12121902675','COUNSELOR',2,'2025-12-04 13:34:01','2025-12-04 13:48:31'),(7,'doctertest2','e10adc3949ba59abbe56e057f20f883e','doctor2',NULL,'17715886987','COUNSELOR',2,'2025-12-04 14:01:43','2025-12-04 14:01:43'),(8,'doctortest3','e10adc3949ba59abbe56e057f20f883e','docter3',NULL,'14478965555','COUNSELOR',2,'2025-12-04 14:06:59','2025-12-04 14:06:59'),(9,'doctortest4','e10adc3949ba59abbe56e057f20f883e','doctor3',NULL,'17716665554','COUNSELOR',2,'2025-12-04 14:20:05','2025-12-04 14:33:49'),(10,'zixunshishenhe','e10adc3949ba59abbe56e057f20f883e','我是大帅哥','https://avatars.githubusercontent.com/u/23510197','12904491156','COUNSELOR',1,'2025-12-04 16:28:40','2025-12-15 15:51:34'),(11,'1616','e10adc3949ba59abbe56e057f20f883e','16号能写完？',NULL,'16161616161','USER',1,'2025-12-05 18:33:58','2025-12-05 18:33:58'),(12,'city','e10adc3949ba59abbe56e057f20f883e','donk','https://mindease-oss.oss-cn-shanghai.aliyuncs.com/2025/12/504cd8a3-f463-4d6f-926b-56f5874b15ae.png','12904491156','COUNSELOR',1,'2025-12-07 17:42:30','2025-12-16 19:07:53'),(13,'new1208','e10adc3949ba59abbe56e057f20f883e','doctorrrrr','https://mindease-oss.oss-cn-shanghai.aliyuncs.com/2025/12/d619d3ff-8131-4b9a-92a3-f51b61c9f5d5.png','17717771777','COUNSELOR',1,'2025-12-08 17:03:37','2025-12-16 19:05:28'),(14,'doctortest6','e10adc3949ba59abbe56e057f20f883e','doctortest6',NULL,'18893376377','USER',1,'2025-12-13 23:17:29','2025-12-13 23:17:29'),(15,'doctortest7','e10adc3949ba59abbe56e057f20f883e','doctortest7','https://mindease-oss.oss-cn-shanghai.aliyuncs.com/2025/12/ec235be1-3f1c-4a79-8f66-e501ed6a49a1.png','17478955632','COUNSELOR',1,'2025-12-13 23:18:18','2025-12-16 19:06:44'),(16,'doctortest8','e10adc3949ba59abbe56e057f20f883e','医生8',NULL,'17718881999','COUNSELOR',1,'2025-12-14 14:14:44','2025-12-16 20:05:28'),(17,'doctortest9','e10adc3949ba59abbe56e057f20f883e','医生9',NULL,'17755558888','COUNSELOR',2,'2025-12-15 16:41:39','2025-12-15 16:41:39'),(18,'doctortest10','e10adc3949ba59abbe56e057f20f883e','医生10',NULL,'18955556666','COUNSELOR',2,'2025-12-15 16:51:06','2025-12-15 16:51:06'),(19,'doctortest11','e10adc3949ba59abbe56e057f20f883e','医生11','https://mindease-oss.oss-cn-shanghai.aliyuncs.com/2025/12/4c89491c-9c4a-47be-be3f-4dd01fbec05a.png','17888889996','COUNSELOR',1,'2025-12-15 17:06:26','2025-12-16 01:21:19'),(20,'doctortest12','e10adc3949ba59abbe56e057f20f883e','123456',NULL,'16658963326','USER',1,'2025-12-15 17:14:52','2025-12-15 17:14:52'),(21,'doctortest13','e10adc3949ba59abbe56e057f20f883e','医生13','https://mindease-oss.oss-cn-shanghai.aliyuncs.com/2025/12/d6daffe4-0594-47f5-9894-731e4dbd6514.png','15688889633','COUNSELOR',1,'2025-12-15 17:15:22','2025-12-16 01:19:42'),(22,'doctortest14','e10adc3949ba59abbe56e057f20f883e','医生14','https://mindease-oss.oss-cn-shanghai.aliyuncs.com/2025/12/752b3d47-baac-4d82-b80e-727877940c8c.png','18899996666','COUNSELOR',1,'2025-12-16 01:21:56','2025-12-16 01:26:27'),(23,'王宇昊','e10adc3949ba59abbe56e057f20f883e','威龙','https://mindease-oss.oss-cn-shanghai.aliyuncs.com/2025/12/ee04c71b-1aec-46f3-9d18-ad6b91a6fca2.jpg','17606103222','COUNSELOR',1,'2025-12-16 11:34:25','2025-12-16 11:55:20'),(24,'Zywoo','e10adc3949ba59abbe56e057f20f883e','Zywoo',NULL,'18813222222','COUNSELOR',2,'2025-12-16 18:49:34','2025-12-16 18:49:34'),(25,'doctortest15','e10adc3949ba59abbe56e057f20f883e','医生15','https://mindease-oss.oss-cn-shanghai.aliyuncs.com/2025/12/f551af18-c94b-4207-868b-10de93058249.png','18711114444','COUNSELOR',1,'2025-12-16 18:56:17','2025-12-16 18:58:57'),(26,'UserManual','e10adc3949ba59abbe56e057f20f883e','JAVA_Final_Project',NULL,'18888888888','USER',1,'2025-12-16 19:44:43','2025-12-16 19:44:43');
/*!40000 ALTER TABLE `sys_user` ENABLE KEYS */;
UNLOCK TABLES;
/*!40103 SET TIME_ZONE=@OLD_TIME_ZONE */;

/*!40101 SET SQL_MODE=@OLD_SQL_MODE */;
/*!40014 SET FOREIGN_KEY_CHECKS=@OLD_FOREIGN_KEY_CHECKS */;
/*!40014 SET UNIQUE_CHECKS=@OLD_UNIQUE_CHECKS */;
/*!40101 SET CHARACTER_SET_CLIENT=@OLD_CHARACTER_SET_CLIENT */;
/*!40101 SET CHARACTER_SET_RESULTS=@OLD_CHARACTER_SET_RESULTS */;
/*!40101 SET COLLATION_CONNECTION=@OLD_COLLATION_CONNECTION */;
/*!40111 SET SQL_NOTES=@OLD_SQL_NOTES */;

-- Dump completed on 2026-05-06 19:53:08
